date,close,high,low,open,volume,tic,day
2016-01-04,17148.939453125,17405.48046875,16957.630859375,17405.48046875,148060000,^DJI,1
2016-01-05,17158.66015625,17195.83984375,17038.609375,17147.5,105750000,^DJI,2
2016-01-06,16906.509765625,17154.830078125,16817.619140625,17154.830078125,120250000,^DJI,3
2016-01-07,16514.099609375,16888.359375,16463.630859375,16888.359375,176240000,^DJI,4
2016-01-08,16346.4501953125,16651.890625,16314.5703125,16519.169921875,141850000,^DJI,5
2016-01-11,16398.5703125,16461.849609375,16232.0302734375,16358.7099609375,127790000,^DJI,1
2016-01-12,16516.220703125,16591.349609375,16322.0703125,16419.109375,117480000,^DJI,2
2016-01-13,16151.41015625,16593.509765625,16123.2001953125,16526.630859375,153530000,^DJI,3
2016-01-14,16379.0498046875,16482.05078125,16075.1201171875,16159.009765625,158830000,^DJI,4
2016-01-15,15988.080078125,16354.330078125,15842.1103515625,16354.330078125,239210000,^DJI,5
2016-01-19,16016.01953125,16171.9599609375,15900.25,16009.4501953125,144360000,^DJI,2
2016-01-20,15766.740234375,15989.4501953125,15450.5595703125,15989.4501953125,191870000,^DJI,3
2016-01-21,15882.6796875,16038.58984375,15704.66015625,15768.8701171875,145140000,^DJI,4
2016-01-22,16093.509765625,16136.7900390625,15921.099609375,15921.099609375,145850000,^DJI,5
2016-01-25,15885.2197265625,16086.4599609375,15880.150390625,16086.4599609375,123250000,^DJI,1
2016-01-26,16167.23046875,16185.7900390625,15893.16015625,15893.16015625,118210000,^DJI,2
2016-01-27,15944.4599609375,16235.0302734375,15878.2998046875,16168.740234375,138350000,^DJI,3
2016-01-28,16069.6396484375,16102.1396484375,15863.7197265625,15960.2802734375,130120000,^DJI,4
2016-01-29,16466.30078125,16466.30078125,16090.259765625,16090.259765625,217940000,^DJI,5
2016-02-01,16449.1796875,16510.98046875,16299.4697265625,16453.630859375,114450000,^DJI,1
2016-02-02,16153.5400390625,16420.2109375,16108.4404296875,16420.2109375,126210000,^DJI,2
2016-02-03,16336.66015625,16381.6904296875,15960.4501953125,16186.2001953125,141870000,^DJI,3
2016-02-04,16416.580078125,16485.83984375,16266.16015625,16329.669921875,131490000,^DJI,4
2016-02-05,16204.9697265625,16423.630859375,16129.8095703125,16417.94921875,139010000,^DJI,5
2016-02-08,16027.0498046875,16147.509765625,15803.5498046875,16147.509765625,165880000,^DJI,1
2016-02-09,16014.3798828125,16136.6201171875,15881.1103515625,16005.41015625,127740000,^DJI,2
2016-02-10,15914.740234375,16201.8896484375,15899.91015625,16035.6103515625,122290000,^DJI,3
2016-02-11,15660.1796875,15897.8203125,15503.009765625,15897.8203125,172070000,^DJI,4
2016-02-12,15973.83984375,15974.0400390625,15691.6201171875,15691.6201171875,132550000,^DJI,5
2016-02-16,16196.41015625,16196.41015625,16012.3896484375,16012.3896484375,142030000,^DJI,2
2016-02-17,16453.830078125,16486.119140625,16217.98046875,16217.98046875,124080000,^DJI,3
2016-02-18,16413.4296875,16511.83984375,16390.4296875,16483.759765625,104950000,^DJI,4
2016-02-19,16391.990234375,16410.9609375,16278.0,16410.9609375,134340000,^DJI,5
2016-02-22,16620.66015625,16664.240234375,16417.130859375,16417.130859375,102240000,^DJI,1
2016-02-23,16431.779296875,16610.390625,16403.529296875,16610.390625,98170000,^DJI,2
2016-02-24,16484.990234375,16507.390625,16165.8603515625,16418.83984375,93620000,^DJI,3
2016-02-25,16697.2890625,16697.98046875,16458.419921875,16504.380859375,94120000,^DJI,4
2016-02-26,16639.970703125,16795.98046875,16623.91015625,16712.69921875,98480000,^DJI,5
2016-02-29,16516.5,16726.119140625,16510.400390625,16634.150390625,126220000,^DJI,1
2016-03-01,16865.080078125,16865.560546875,16545.669921875,16545.669921875,105050000,^DJI,2
2016-03-02,16899.3203125,16900.169921875,16766.3203125,16851.169921875,104470000,^DJI,3
2016-03-03,16943.900390625,16944.310546875,16820.73046875,16896.169921875,91110000,^DJI,4
2016-03-04,17006.76953125,17062.380859375,16898.83984375,16945.0,106910000,^DJI,5
2016-03-07,17073.94921875,17099.25,16940.48046875,16991.2890625,100290000,^DJI,1
2016-03-08,16964.099609375,17072.7890625,16921.509765625,17050.669921875,108380000,^DJI,2
2016-03-09,17000.359375,17048.5,16947.939453125,16969.169921875,116690000,^DJI,3
2016-03-10,16995.130859375,17130.109375,16821.859375,17006.05078125,117570000,^DJI,4
2016-03-11,17213.310546875,17220.08984375,17014.990234375,17014.990234375,123420000,^DJI,5
2016-03-14,17229.130859375,17275.0703125,17161.16015625,17207.490234375,96350000,^DJI,1
2016-03-15,17251.529296875,17251.69921875,17120.349609375,17217.150390625,92830000,^DJI,2
2016-03-16,17325.759765625,17379.1796875,17204.0703125,17249.33984375,118710000,^DJI,3
2016-03-17,17481.490234375,17529.009765625,17297.650390625,17321.380859375,117990000,^DJI,4
2016-03-18,17602.30078125,17620.580078125,17481.490234375,17481.490234375,321230000,^DJI,5
2016-03-21,17623.869140625,17644.970703125,17551.279296875,17589.69921875,84410000,^DJI,1
2016-03-22,17582.5703125,17648.939453125,17540.419921875,17602.7109375,95450000,^DJI,2
2016-03-23,17502.58984375,17588.810546875,17486.26953125,17588.810546875,84240000,^DJI,3
2016-03-24,17515.73046875,17517.140625,17399.009765625,17485.330078125,84100000,^DJI,4
2016-03-28,17535.390625,17583.810546875,17493.029296875,17526.080078125,70460000,^DJI,1
2016-03-29,17633.109375,17642.810546875,17434.26953125,17512.580078125,86160000,^DJI,2
2016-03-30,17716.66015625,17790.109375,17652.359375,17652.359375,79330000,^DJI,3
2016-03-31,17685.08984375,17755.69921875,17669.720703125,17716.05078125,102600000,^DJI,4
2016-04-01,17792.75,17811.48046875,17568.01953125,17661.740234375,104890000,^DJI,5
2016-04-04,17737.0,17806.380859375,17710.669921875,17799.390625,85230000,^DJI,1
2016-04-05,17603.3203125,17718.029296875,17579.560546875,17718.029296875,115230000,^DJI,2
2016-04-06,17716.05078125,17723.55078125,17542.5390625,17605.44921875,99410000,^DJI,3
2016-04-07,17541.9609375,17687.279296875,17484.23046875,17687.279296875,90120000,^DJI,4
2016-04-08,17576.9609375,17694.509765625,17528.16015625,17555.390625,79990000,^DJI,5
2016-04-11,17556.41015625,17731.630859375,17555.900390625,17586.48046875,107100000,^DJI,1
2016-04-12,17721.25,17744.4296875,17553.5703125,17571.33984375,81020000,^DJI,2
2016-04-13,17908.279296875,17918.349609375,17741.66015625,17741.66015625,91710000,^DJI,3
2016-04-14,17926.4296875,17962.140625,17885.439453125,17912.25,84510000,^DJI,4
2016-04-15,17897.4609375,17937.650390625,17867.41015625,17925.94921875,118160000,^DJI,5
2016-04-18,18004.16015625,18009.529296875,17848.220703125,17890.19921875,89390000,^DJI,1
2016-04-19,18053.599609375,18103.4609375,17984.4296875,18012.099609375,89820000,^DJI,2
2016-04-20,18096.26953125,18167.630859375,18031.2109375,18059.490234375,100210000,^DJI,3
2016-04-21,17982.51953125,18107.2890625,17963.890625,18092.83984375,102720000,^DJI,4
2016-04-22,18003.75,18026.849609375,17909.890625,17985.05078125,134120000,^DJI,5
2016-04-25,17977.240234375,17990.939453125,17855.55078125,17990.939453125,83770000,^DJI,1
2016-04-26,17990.3203125,18043.76953125,17934.169921875,17987.380859375,92570000,^DJI,2
2016-04-27,18041.55078125,18084.66015625,17920.259765625,17996.140625,109090000,^DJI,3
2016-04-28,17830.759765625,18035.73046875,17796.55078125,18023.880859375,100920000,^DJI,4
2016-04-29,17773.640625,17814.830078125,17651.98046875,17813.08984375,136670000,^DJI,5
2016-05-02,17891.16015625,17912.349609375,17773.7109375,17783.779296875,80100000,^DJI,1
2016-05-03,17750.91015625,17870.75,17670.880859375,17870.75,97060000,^DJI,2
2016-05-04,17651.259765625,17738.060546875,17609.009765625,17735.01953125,95020000,^DJI,3
2016-05-05,17660.7109375,17736.109375,17615.8203125,17664.48046875,81530000,^DJI,4
2016-05-06,17740.630859375,17744.5390625,17580.380859375,17650.30078125,80020000,^DJI,5
2016-05-09,17705.91015625,17783.16015625,17668.380859375,17743.849609375,85590000,^DJI,1
2016-05-10,17928.349609375,17934.609375,17726.66015625,17726.66015625,75790000,^DJI,2
2016-05-11,17711.119140625,17919.029296875,17711.05078125,17919.029296875,87390000,^DJI,3
2016-05-12,17720.5,17798.189453125,17625.380859375,17711.119140625,88560000,^DJI,4
2016-05-13,17535.3203125,17734.740234375,17512.48046875,17711.119140625,86640000,^DJI,5
2016-05-16,17710.7109375,17755.80078125,17531.759765625,17531.759765625,88440000,^DJI,1
2016-05-17,17529.98046875,17701.4609375,17469.919921875,17701.4609375,103260000,^DJI,2
2016-05-18,17526.619140625,17636.220703125,17418.2109375,17501.279296875,79120000,^DJI,3
2016-05-19,17435.400390625,17514.16015625,17331.0703125,17514.16015625,95530000,^DJI,4
2016-05-20,17500.939453125,17571.75,17437.3203125,17437.3203125,111990000,^DJI,5
2016-05-23,17492.9296875,17550.69921875,17480.05078125,17507.0390625,87790000,^DJI,1
2016-05-24,17706.05078125,17742.58984375,17525.189453125,17525.189453125,86480000,^DJI,2
2016-05-25,17851.509765625,17891.7109375,17735.08984375,17735.08984375,79180000,^DJI,3
2016-05-26,17828.2890625,17888.66015625,17803.8203125,17859.51953125,68940000,^DJI,4
2016-05-27,17873.220703125,17873.220703125,17824.73046875,17826.849609375,73190000,^DJI,5
2016-05-31,17787.19921875,17899.240234375,17724.029296875,17891.5,147390000,^DJI,2
2016-06-01,17789.669921875,17809.1796875,17664.7890625,17754.55078125,78530000,^DJI,3
2016-06-02,17838.560546875,17838.560546875,17703.55078125,17789.05078125,75560000,^DJI,4
2016-06-03,17807.060546875,17833.169921875,17689.6796875,17799.80078125,82270000,^DJI,5
2016-06-06,17920.330078125,17949.6796875,17822.810546875,17825.689453125,71870000,^DJI,1
2016-06-07,17938.279296875,18003.23046875,17936.220703125,17936.220703125,78750000,^DJI,2
2016-06-08,18005.05078125,18016.0,17931.91015625,17931.91015625,71260000,^DJI,3
2016-06-09,17985.189453125,18005.220703125,17915.880859375,17969.98046875,69690000,^DJI,4
2016-06-10,17865.33984375,17938.8203125,17812.33984375,17938.8203125,90540000,^DJI,5
2016-06-13,17732.48046875,17893.279296875,17731.349609375,17830.5,101690000,^DJI,1
2016-06-14,17674.8203125,17733.919921875,17595.7890625,17710.76953125,93740000,^DJI,2
2016-06-15,17640.169921875,17762.9609375,17629.009765625,17703.650390625,94130000,^DJI,3
2016-06-16,17733.099609375,17754.91015625,17471.2890625,17602.23046875,91950000,^DJI,4
2016-06-17,17675.16015625,17733.439453125,17602.779296875,17733.439453125,248680000,^DJI,5
2016-06-20,17804.869140625,17946.359375,17736.869140625,17736.869140625,99380000,^DJI,1
2016-06-21,17829.73046875,17877.83984375,17799.80078125,17827.330078125,85130000,^DJI,2
2016-06-22,17780.830078125,17920.16015625,17770.359375,17832.669921875,89440000,^DJI,3
2016-06-23,18011.0703125,18011.0703125,17844.109375,17844.109375,98070000,^DJI,4
2016-06-24,17400.75,17946.630859375,17356.33984375,17946.630859375,239000000,^DJI,5
2016-06-27,17140.240234375,17355.2109375,17063.080078125,17355.2109375,138740000,^DJI,1
2016-06-28,17409.720703125,17409.720703125,17190.509765625,17190.509765625,112190000,^DJI,2
2016-06-29,17694.6796875,17704.509765625,17456.01953125,17456.01953125,106380000,^DJI,3
2016-06-30,17929.990234375,17930.609375,17711.80078125,17712.759765625,133030000,^DJI,4
2016-07-01,17949.369140625,18002.380859375,17916.91015625,17924.240234375,82160000,^DJI,5
2016-07-05,17840.619140625,17904.44921875,17785.279296875,17904.44921875,103650000,^DJI,2
2016-07-06,17918.619140625,17926.91015625,17713.44921875,17807.470703125,93000000,^DJI,3
2016-07-07,17895.880859375,17984.94921875,17816.650390625,17924.240234375,81570000,^DJI,4
2016-07-08,18146.740234375,18166.76953125,17971.220703125,17971.220703125,93460000,^DJI,5
2016-07-11,18226.9296875,18283.900390625,18161.529296875,18161.529296875,80880000,^DJI,1
2016-07-12,18347.669921875,18371.94921875,18259.119140625,18259.119140625,90170000,^DJI,2
2016-07-13,18372.119140625,18390.16015625,18315.759765625,18356.779296875,80920000,^DJI,3
2016-07-14,18506.41015625,18537.5703125,18414.30078125,18414.30078125,87050000,^DJI,4
2016-07-15,18516.55078125,18557.4296875,18471.619140625,18508.880859375,123690000,^DJI,5
2016-07-18,18533.05078125,18556.130859375,18489.83984375,18521.55078125,75540000,^DJI,1
2016-07-19,18559.009765625,18562.529296875,18495.109375,18503.119140625,85840000,^DJI,2
2016-07-20,18595.029296875,18622.009765625,18555.650390625,18582.69921875,93230000,^DJI,3
2016-07-21,18517.23046875,18590.439453125,18469.669921875,18589.9609375,86800000,^DJI,4
2016-07-22,18570.849609375,18571.30078125,18491.58984375,18524.150390625,87710000,^DJI,5
2016-07-25,18493.060546875,18555.689453125,18452.619140625,18554.490234375,76810000,^DJI,1
2016-07-26,18473.75,18522.470703125,18387.220703125,18497.369140625,85370000,^DJI,2
2016-07-27,18472.169921875,18542.390625,18430.939453125,18473.26953125,111370000,^DJI,3
2016-07-28,18456.349609375,18483.259765625,18368.8203125,18461.009765625,85750000,^DJI,4
2016-07-29,18432.240234375,18466.55078125,18371.119140625,18442.51953125,111550000,^DJI,5
2016-08-01,18404.509765625,18467.029296875,18355.75,18434.5,83470000,^DJI,1
2016-08-02,18313.76953125,18403.650390625,18247.7890625,18401.150390625,89680000,^DJI,2
2016-08-03,18355.0,18355.0,18283.23046875,18313.080078125,78550000,^DJI,3
2016-08-04,18352.05078125,18397.869140625,18325.169921875,18351.4296875,64500000,^DJI,4
2016-08-05,18543.529296875,18543.529296875,18402.80078125,18402.80078125,92420000,^DJI,5
2016-08-08,18529.2890625,18569.310546875,18502.029296875,18541.890625,71810000,^DJI,1
2016-08-09,18533.05078125,18585.3203125,18507.75,18538.05078125,60090000,^DJI,2
2016-08-10,18495.66015625,18561.75,18468.779296875,18541.48046875,62780000,^DJI,3
2016-08-11,18613.51953125,18638.33984375,18519.080078125,18519.080078125,71470000,^DJI,4
2016-08-12,18576.470703125,18606.060546875,18535.859375,18595.650390625,61580000,^DJI,5
2016-08-15,18636.05078125,18722.609375,18559.9296875,18588.58984375,62350000,^DJI,1
2016-08-16,18552.01953125,18614.859375,18550.650390625,18614.48046875,67570000,^DJI,2
2016-08-17,18573.939453125,18582.349609375,18468.6796875,18537.08984375,71000000,^DJI,3
2016-08-18,18597.69921875,18600.8203125,18533.2890625,18566.5390625,70740000,^DJI,4
2016-08-19,18552.5703125,18585.169921875,18491.240234375,18585.169921875,93170000,^DJI,5
2016-08-22,18529.419921875,18570.919921875,18466.859375,18535.859375,73450000,^DJI,1
2016-08-23,18547.30078125,18631.599609375,18545.51953125,18568.939453125,73990000,^DJI,2
2016-08-24,18481.48046875,18539.150390625,18448.26953125,18537.5,72270000,^DJI,3
2016-08-25,18448.41015625,18497.6796875,18431.4609375,18471.2109375,64480000,^DJI,4
2016-08-26,18395.400390625,18572.08984375,18335.33984375,18467.919921875,78730000,^DJI,5
2016-08-29,18502.990234375,18523.08984375,18419.919921875,18421.2890625,64480000,^DJI,1
2016-08-30,18454.30078125,18514.2890625,18408.51953125,18491.279296875,68920000,^DJI,2
2016-08-31,18400.880859375,18439.6796875,18333.560546875,18436.69921875,98250000,^DJI,3
2016-09-01,18419.30078125,18430.05078125,18295.48046875,18396.5703125,74780000,^DJI,4
2016-09-02,18491.9609375,18544.759765625,18439.099609375,18466.009765625,74350000,^DJI,5
2016-09-06,18538.119140625,18551.5390625,18450.3203125,18493.400390625,83710000,^DJI,2
2016-09-07,18526.140625,18536.890625,18474.76953125,18527.7109375,67570000,^DJI,3
2016-09-08,18479.91015625,18506.240234375,18446.689453125,18486.689453125,79060000,^DJI,4
2016-09-09,18085.44921875,18404.169921875,18085.44921875,18404.169921875,120670000,^DJI,5
2016-09-12,18325.0703125,18358.689453125,17994.83984375,18028.94921875,103260000,^DJI,1
2016-09-13,18066.75,18262.990234375,18028.060546875,18262.990234375,102830000,^DJI,2
2016-09-14,18034.76953125,18163.48046875,17992.2109375,18073.390625,103360000,^DJI,3
2016-09-15,18212.48046875,18250.109375,18015.490234375,18024.91015625,99550000,^DJI,4
2016-09-16,18123.80078125,18217.2109375,18070.2109375,18217.2109375,278510000,^DJI,5
2016-09-19,18120.169921875,18254.880859375,18093.05078125,18154.8203125,78090000,^DJI,1
2016-09-20,18129.9609375,18227.2109375,18128.80078125,18175.359375,72450000,^DJI,2
2016-09-21,18293.69921875,18307.4296875,18121.5703125,18164.9609375,94090000,^DJI,3
2016-09-22,18392.4609375,18449.880859375,18343.759765625,18343.759765625,73030000,^DJI,4
2016-09-23,18261.44921875,18383.759765625,18254.83984375,18377.359375,87170000,^DJI,5
2016-09-26,18094.830078125,18217.759765625,18083.3203125,18217.759765625,95510000,^DJI,1
2016-09-27,18228.30078125,18238.099609375,18052.16015625,18099.2109375,84130000,^DJI,2
2016-09-28,18339.240234375,18349.859375,18179.33984375,18240.220703125,97650000,^DJI,3
2016-09-29,18143.44921875,18366.23046875,18091.640625,18322.880859375,95880000,^DJI,4
2016-09-30,18308.150390625,18369.619140625,18181.80078125,18181.80078125,135470000,^DJI,5
2016-10-03,18253.849609375,18279.80078125,18203.75,18279.599609375,68520000,^DJI,1
2016-10-04,18168.44921875,18313.76953125,18116.259765625,18267.6796875,79710000,^DJI,2
2016-10-05,18281.029296875,18315.8203125,18205.5,18205.5,76190000,^DJI,3
2016-10-06,18268.5,18288.119140625,18162.970703125,18280.419921875,78660000,^DJI,4
2016-10-07,18240.490234375,18319.73046875,18149.349609375,18295.349609375,82680000,^DJI,5
2016-10-10,18329.0390625,18399.9609375,18282.94921875,18282.94921875,72110000,^DJI,1
2016-10-11,18128.66015625,18312.330078125,18061.9609375,18308.4296875,88610000,^DJI,2
2016-10-12,18144.19921875,18193.9609375,18082.08984375,18132.630859375,72230000,^DJI,3
2016-10-13,18098.939453125,18137.69921875,17959.94921875,18088.3203125,83160000,^DJI,4
2016-10-14,18138.380859375,18261.109375,18138.380859375,18177.349609375,87050000,^DJI,5
2016-10-17,18086.400390625,18162.279296875,18063.01953125,18135.849609375,75960000,^DJI,1
2016-10-18,18161.939453125,18225.80078125,18129.44921875,18145.060546875,74600000,^DJI,2
2016-10-19,18202.619140625,18252.19921875,18169.25,18178.2109375,88040000,^DJI,3
2016-10-20,18162.349609375,18249.05078125,18129.0703125,18161.869140625,88830000,^DJI,4
2016-10-21,18145.7109375,18168.759765625,18049.76953125,18152.630859375,117810000,^DJI,5
2016-10-24,18223.029296875,18275.0390625,18191.1796875,18197.140625,88540000,^DJI,1
2016-10-25,18169.26953125,18241.689453125,18151.69921875,18206.51953125,83190000,^DJI,2
2016-10-26,18199.330078125,18236.0390625,18062.30078125,18103.80078125,86340000,^DJI,3
2016-10-27,18169.6796875,18253.19921875,18149.19921875,18234.810546875,83530000,^DJI,4
2016-10-28,18161.189453125,18257.060546875,18094.970703125,18193.7890625,107850000,^DJI,5
2016-10-31,18142.419921875,18193.6796875,18130.580078125,18176.599609375,110080000,^DJI,1
2016-11-01,18037.099609375,18177.009765625,17940.83984375,18158.240234375,101280000,^DJI,2
2016-11-02,17959.640625,18044.150390625,17931.890625,18017.720703125,88610000,^DJI,3
2016-11-03,17930.669921875,18006.9609375,17904.0703125,17978.75,77860000,^DJI,4
2016-11-04,17888.279296875,17986.759765625,17883.560546875,17928.349609375,97760000,^DJI,5
2016-11-07,18259.599609375,18263.30078125,17994.640625,17994.640625,93450000,^DJI,1
2016-11-08,18332.740234375,18400.5,18200.75,18251.380859375,79820000,^DJI,2
2016-11-09,18589.689453125,18650.060546875,18252.55078125,18317.259765625,173110000,^DJI,3
2016-11-10,18807.880859375,18873.66015625,18603.140625,18603.140625,164390000,^DJI,4
2016-11-11,18847.66015625,18855.779296875,18736.9609375,18781.650390625,107300000,^DJI,5
2016-11-14,18868.689453125,18934.05078125,18815.75,18876.76953125,112250000,^DJI,1
2016-11-15,18923.060546875,18925.259765625,18806.060546875,18858.2109375,100660000,^DJI,2
2016-11-16,18868.140625,18909.849609375,18825.890625,18909.849609375,87320000,^DJI,3
2016-11-17,18903.8203125,18904.029296875,18845.26953125,18866.220703125,89940000,^DJI,4
2016-11-18,18867.9296875,18915.740234375,18853.830078125,18905.330078125,109880000,^DJI,5
2016-11-21,18956.689453125,18960.759765625,18883.099609375,18898.6796875,80520000,^DJI,1
2016-11-22,19023.869140625,19043.900390625,18962.8203125,18970.390625,85310000,^DJI,2
2016-11-23,19083.1796875,19083.759765625,19000.380859375,19015.51953125,77880000,^DJI,3
2016-11-25,19152.140625,19152.140625,19093.720703125,19093.720703125,45890000,^DJI,5
2016-11-28,19097.900390625,19138.720703125,19072.25,19122.140625,88460000,^DJI,1
2016-11-29,19121.599609375,19144.400390625,19062.220703125,19064.0703125,81510000,^DJI,2
2016-11-30,19123.580078125,19225.2890625,19123.380859375,19135.640625,164570000,^DJI,3
2016-12-01,19191.9296875,19214.30078125,19138.7890625,19149.19921875,108800000,^DJI,4
2016-12-02,19170.419921875,19196.140625,19141.1796875,19161.25,84920000,^DJI,5
2016-12-05,19216.240234375,19274.849609375,19186.73046875,19244.349609375,317800000,^DJI,1
2016-12-06,19251.779296875,19255.890625,19184.740234375,19219.91015625,284960000,^DJI,2
2016-12-07,19549.619140625,19558.419921875,19229.830078125,19241.990234375,385200000,^DJI,3
2016-12-08,19614.810546875,19664.970703125,19527.830078125,19559.939453125,324570000,^DJI,4
2016-12-09,19756.849609375,19757.740234375,19623.189453125,19631.349609375,334470000,^DJI,5
2016-12-12,19796.4296875,19824.58984375,19747.740234375,19770.19921875,333660000,^DJI,1
2016-12-13,19911.2109375,19953.75,19846.44921875,19852.2109375,388420000,^DJI,2
2016-12-14,19792.529296875,19966.4296875,19748.669921875,19876.130859375,408430000,^DJI,3
2016-12-15,19852.240234375,19951.2890625,19811.5,19811.5,357350000,^DJI,4
2016-12-16,19843.41015625,19923.169921875,19821.0,19909.009765625,573470000,^DJI,5
2016-12-19,19883.060546875,19917.779296875,19832.94921875,19836.66015625,302310000,^DJI,1
2016-12-20,19974.619140625,19987.630859375,19920.419921875,19920.58984375,284080000,^DJI,2
2016-12-21,19941.9609375,19986.560546875,19941.9609375,19968.970703125,256640000,^DJI,3
2016-12-22,19918.880859375,19933.830078125,19882.189453125,19922.6796875,258290000,^DJI,4
2016-12-23,19933.810546875,19934.150390625,19899.060546875,19908.609375,158260000,^DJI,5
2016-12-27,19945.0390625,19980.240234375,19939.80078125,19943.4609375,158540000,^DJI,2
2016-12-28,19833.6796875,19981.109375,19827.310546875,19964.310546875,188350000,^DJI,3
2016-12-29,19819.779296875,19878.439453125,19788.939453125,19835.4609375,172040000,^DJI,4
2016-12-30,19762.599609375,19852.55078125,19718.669921875,19833.169921875,271910000,^DJI,5
2017-01-03,19881.759765625,19938.529296875,19775.9296875,19872.859375,339180000,^DJI,2
2017-01-04,19942.16015625,19956.140625,19878.830078125,19890.939453125,280010000,^DJI,3
2017-01-05,19899.2890625,19948.599609375,19811.119140625,19924.560546875,269920000,^DJI,4
2017-01-06,19963.80078125,19999.630859375,19834.080078125,19906.9609375,277700000,^DJI,5
2017-01-09,19887.380859375,19943.779296875,19887.380859375,19931.41015625,287510000,^DJI,1
2017-01-10,19855.529296875,19957.119140625,19836.029296875,19876.349609375,299410000,^DJI,2
2017-01-11,19954.279296875,19973.419921875,19833.16015625,19887.380859375,336150000,^DJI,3
2017-01-12,19891.0,19929.2890625,19770.470703125,19926.2109375,306290000,^DJI,4
2017-01-13,19885.73046875,19952.029296875,19849.380859375,19912.5390625,263780000,^DJI,5
2017-01-17,19826.76953125,19882.990234375,19775.349609375,19848.8203125,341900000,^DJI,2
2017-01-18,19804.720703125,19828.19921875,19739.0,19822.73046875,279760000,^DJI,3
2017-01-19,19732.400390625,19824.140625,19677.939453125,19813.55078125,301750000,^DJI,4
2017-01-20,19827.25,19843.939453125,19759.140625,19795.060546875,435260000,^DJI,5
2017-01-23,19799.849609375,19833.98046875,19732.359375,19794.7890625,326690000,^DJI,1
2017-01-24,19912.7109375,19949.240234375,19786.7109375,19794.6796875,374460000,^DJI,2
2017-01-25,20068.509765625,20082.0,19994.48046875,19994.48046875,372240000,^DJI,3
2017-01-26,20100.91015625,20125.580078125,20067.529296875,20076.25,356730000,^DJI,4
2017-01-27,20093.779296875,20115.970703125,20072.640625,20103.359375,343130000,^DJI,5
2017-01-30,19971.130859375,20028.619140625,19870.390625,20028.619140625,317280000,^DJI,1
2017-01-31,19864.08984375,19918.169921875,19784.76953125,19913.16015625,373750000,^DJI,2
2017-02-01,19890.939453125,19967.73046875,19845.990234375,19923.810546875,426670000,^DJI,3
2017-02-02,19884.91015625,19922.75,19831.08984375,19858.33984375,347220000,^DJI,4
2017-02-03,20071.4609375,20081.48046875,19964.2109375,19964.2109375,344220000,^DJI,5
2017-02-06,20052.419921875,20094.94921875,20002.810546875,20025.609375,281720000,^DJI,1
2017-02-07,20090.2890625,20155.349609375,20068.6796875,20107.619140625,279670000,^DJI,2
2017-02-08,20054.33984375,20068.279296875,20015.330078125,20049.2890625,280410000,^DJI,3
2017-02-09,20172.400390625,20206.359375,20061.73046875,20061.73046875,325310000,^DJI,4
2017-02-10,20269.369140625,20298.2109375,20204.759765625,20211.23046875,312230000,^DJI,5
2017-02-13,20412.16015625,20441.48046875,20322.94921875,20338.5390625,314620000,^DJI,1
2017-02-14,20504.41015625,20504.41015625,20374.01953125,20374.220703125,356580000,^DJI,2
2017-02-15,20611.859375,20620.44921875,20496.029296875,20504.26953125,384380000,^DJI,3
2017-02-16,20619.76953125,20639.869140625,20556.830078125,20627.310546875,354120000,^DJI,4
2017-02-17,20624.05078125,20624.05078125,20532.609375,20564.130859375,340620000,^DJI,5
2017-02-21,20743.0,20757.640625,20663.369140625,20663.4296875,336880000,^DJI,2
2017-02-22,20775.599609375,20781.58984375,20692.390625,20715.41015625,310530000,^DJI,3
2017-02-23,20810.3203125,20840.69921875,20746.41015625,20817.2109375,302110000,^DJI,4
2017-02-24,20821.759765625,20821.759765625,20733.94921875,20751.91015625,292540000,^DJI,5
2017-02-27,20837.439453125,20851.330078125,20774.759765625,20808.7109375,256540000,^DJI,1
2017-02-28,20812.240234375,20841.240234375,20781.2109375,20833.880859375,339210000,^DJI,2
2017-03-01,21115.55078125,21169.109375,20957.2890625,20957.2890625,392820000,^DJI,3
2017-03-02,21002.970703125,21129.19921875,20996.609375,21128.91015625,319910000,^DJI,4
2017-03-03,21005.7109375,21039.9609375,20953.859375,21008.75,254420000,^DJI,5
2017-03-06,20954.33984375,20986.4296875,20912.109375,20955.7109375,266620000,^DJI,1
2017-03-07,20924.759765625,20970.5390625,20901.259765625,20934.890625,274630000,^DJI,2
2017-03-08,20855.73046875,20951.439453125,20835.580078125,20940.439453125,296780000,^DJI,3
2017-03-09,20858.189453125,20900.5703125,20777.16015625,20864.3203125,275960000,^DJI,4
2017-03-10,20902.98046875,20940.2890625,20827.66015625,20919.009765625,315430000,^DJI,5
2017-03-13,20881.48046875,20926.060546875,20845.7109375,20899.279296875,289260000,^DJI,1
2017-03-14,20837.369140625,20874.0,20786.310546875,20848.599609375,246820000,^DJI,2
2017-03-15,20950.099609375,20977.470703125,20859.599609375,20874.779296875,306590000,^DJI,3
2017-03-16,20934.55078125,21000.109375,20893.5,20969.26953125,264360000,^DJI,4
2017-03-17,20914.619140625,20980.509765625,20911.0703125,20965.369140625,535280000,^DJI,5
2017-03-20,20905.859375,20955.44921875,20885.69921875,20916.26953125,253610000,^DJI,1
2017-03-21,20668.009765625,20970.0390625,20653.259765625,20956.330078125,369320000,^DJI,2
2017-03-22,20661.30078125,20686.2109375,20578.94921875,20640.419921875,325090000,^DJI,3
2017-03-23,20656.580078125,20757.890625,20618.619140625,20645.0703125,280050000,^DJI,4
2017-03-24,20596.720703125,20718.330078125,20529.669921875,20674.44921875,292980000,^DJI,5
2017-03-27,20550.98046875,20578.4609375,20412.80078125,20488.349609375,269380000,^DJI,1
2017-03-28,20701.5,20735.609375,20520.099609375,20542.140625,299670000,^DJI,2
2017-03-29,20659.3203125,20684.73046875,20625.029296875,20675.75,238320000,^DJI,3
2017-03-30,20728.490234375,20753.779296875,20643.599609375,20662.7890625,270900000,^DJI,4
2017-03-31,20663.220703125,20722.58984375,20660.6796875,20700.33984375,303770000,^DJI,5
2017-04-03,20650.2109375,20692.33984375,20517.8203125,20665.169921875,285670000,^DJI,1
2017-04-04,20689.240234375,20701.2890625,20605.30078125,20634.939453125,237390000,^DJI,2
2017-04-05,20648.150390625,20887.5,20639.55078125,20745.060546875,284980000,^DJI,3
2017-04-06,20662.94921875,20746.4609375,20612.169921875,20653.76953125,251720000,^DJI,4
2017-04-07,20656.099609375,20726.0703125,20606.94921875,20647.810546875,219730000,^DJI,5
2017-04-10,20658.01953125,20750.330078125,20614.859375,20668.220703125,230480000,^DJI,1
2017-04-11,20651.30078125,20660.029296875,20512.560546875,20644.3203125,255120000,^DJI,2
2017-04-12,20591.859375,20642.5390625,20553.029296875,20637.94921875,267670000,^DJI,3
2017-04-13,20453.25,20612.26953125,20453.25,20561.689453125,235810000,^DJI,4
2017-04-17,20636.919921875,20644.41015625,20484.75,20484.75,229240000,^DJI,1
2017-04-18,20523.279296875,20600.119140625,20462.279296875,20561.390625,263180000,^DJI,2
2017-04-19,20404.490234375,20546.689453125,20379.55078125,20503.51953125,294790000,^DJI,3
2017-04-20,20578.7109375,20629.779296875,20406.6796875,20406.6796875,312440000,^DJI,4
2017-04-21,20547.759765625,20601.400390625,20505.330078125,20578.099609375,369600000,^DJI,5
2017-04-24,20763.890625,20792.19921875,20723.58984375,20723.58984375,342400000,^DJI,1
2017-04-25,20996.119140625,21026.970703125,20909.380859375,20915.509765625,348180000,^DJI,2
2017-04-26,20975.08984375,21070.900390625,20972.26953125,21009.94921875,328550000,^DJI,3
2017-04-27,20981.330078125,21005.80078125,20935.80078125,20991.119140625,305690000,^DJI,4
2017-04-28,20940.509765625,20987.759765625,20926.75,20987.390625,329990000,^DJI,5
2017-05-01,20913.4609375,20976.619140625,20898.380859375,20962.73046875,288160000,^DJI,1
2017-05-02,20949.890625,20960.919921875,20904.060546875,20941.189453125,338810000,^DJI,2
2017-05-03,20957.900390625,20972.740234375,20874.1796875,20915.0,310920000,^DJI,3
2017-05-04,20951.470703125,20990.7890625,20847.94921875,20987.830078125,274720000,^DJI,4
2017-05-05,21006.939453125,21006.939453125,20905.0,20929.0390625,260960000,^DJI,5
2017-05-08,21012.279296875,21017.890625,20971.05078125,20991.259765625,276150000,^DJI,1
2017-05-09,20975.779296875,21046.849609375,20938.0390625,21022.279296875,273000000,^DJI,2
2017-05-10,20943.109375,20976.279296875,20884.150390625,20958.490234375,283340000,^DJI,3
2017-05-11,20919.419921875,20933.359375,20798.900390625,20925.720703125,287680000,^DJI,4
2017-05-12,20896.609375,20916.099609375,20869.740234375,20893.189453125,288500000,^DJI,5
2017-05-15,20981.939453125,21000.830078125,20923.630859375,20923.630859375,313170000,^DJI,1
2017-05-16,20979.75,21033.529296875,20932.880859375,20984.48046875,311580000,^DJI,2
2017-05-17,20606.9296875,20846.169921875,20601.080078125,20846.169921875,423200000,^DJI,3
2017-05-18,20663.01953125,20759.19921875,20553.44921875,20579.650390625,422590000,^DJI,4
2017-05-19,20804.83984375,20857.130859375,20687.939453125,20698.279296875,365180000,^DJI,5
2017-05-22,20894.830078125,20914.259765625,20860.16015625,20867.76953125,276120000,^DJI,1
2017-05-23,20937.91015625,20961.140625,20896.220703125,20908.669921875,244950000,^DJI,2
2017-05-24,21012.419921875,21022.8203125,20933.580078125,20949.2109375,283180000,^DJI,3
2017-05-25,21082.94921875,21112.3203125,21051.41015625,21062.9609375,268970000,^DJI,4
2017-05-26,21080.279296875,21092.8203125,21050.490234375,21070.150390625,208000000,^DJI,5
2017-05-30,21029.470703125,21063.619140625,21009.599609375,21045.490234375,242810000,^DJI,2
2017-05-31,21008.650390625,21051.69921875,20942.5703125,21048.4609375,371580000,^DJI,3
2017-06-01,21144.1796875,21144.1796875,20994.220703125,21030.55078125,276730000,^DJI,4
2017-06-02,21206.2890625,21225.0390625,21129.560546875,21142.08984375,329700000,^DJI,5
2017-06-05,21184.0390625,21224.41015625,21168.689453125,21195.029296875,269790000,^DJI,1
2017-06-06,21136.23046875,21180.470703125,21118.4609375,21145.48046875,283550000,^DJI,2
2017-06-07,21173.689453125,21189.83984375,21113.310546875,21171.5703125,273400000,^DJI,3
2017-06-08,21182.529296875,21265.689453125,21138.16015625,21169.759765625,330330000,^DJI,4
2017-06-09,21271.970703125,21305.349609375,21159.44921875,21208.9609375,397200000,^DJI,5
2017-06-12,21235.669921875,21277.080078125,21186.150390625,21259.94921875,528080000,^DJI,1
2017-06-13,21328.470703125,21332.76953125,21256.830078125,21256.830078125,323510000,^DJI,2
2017-06-14,21374.560546875,21391.970703125,21294.08984375,21342.7109375,295090000,^DJI,3
2017-06-15,21359.900390625,21367.279296875,21261.869140625,21291.689453125,317200000,^DJI,4
2017-06-16,21384.279296875,21384.419921875,21308.009765625,21335.9296875,603260000,^DJI,5
2017-06-19,21528.990234375,21528.990234375,21436.080078125,21444.75,289400000,^DJI,1
2017-06-20,21467.140625,21535.029296875,21464.240234375,21521.25,310200000,^DJI,2
2017-06-21,21410.029296875,21492.619140625,21390.0,21466.390625,292500000,^DJI,3
2017-06-22,21397.2890625,21456.470703125,21394.810546875,21407.98046875,270680000,^DJI,4
2017-06-23,21394.759765625,21421.7890625,21333.890625,21380.919921875,368400000,^DJI,5
2017-06-26,21409.55078125,21506.2109375,21381.25,21434.6796875,241880000,^DJI,1
2017-06-27,21310.66015625,21440.599609375,21310.66015625,21411.189453125,292170000,^DJI,2
2017-06-28,21454.609375,21478.75,21372.359375,21372.359375,271510000,^DJI,3
2017-06-29,21287.029296875,21487.380859375,21197.080078125,21487.380859375,336750000,^DJI,4
2017-06-30,21349.630859375,21426.119140625,21325.080078125,21348.599609375,313260000,^DJI,5
2017-07-03,21479.26953125,21562.75,21391.7109375,21392.30078125,186810000,^DJI,1
2017-07-05,21478.169921875,21505.359375,21404.759765625,21492.830078125,273690000,^DJI,3
2017-07-06,21320.0390625,21433.099609375,21305.380859375,21423.9296875,320450000,^DJI,4
2017-07-07,21414.33984375,21425.8203125,21350.720703125,21354.66015625,242240000,^DJI,5
2017-07-10,21408.51953125,21446.390625,21371.109375,21381.23046875,270340000,^DJI,1
2017-07-11,21409.0703125,21441.619140625,21279.30078125,21410.169921875,247570000,^DJI,2
2017-07-12,21532.140625,21580.7890625,21467.9296875,21467.9296875,267870000,^DJI,3
2017-07-13,21553.08984375,21568.720703125,21512.359375,21537.189453125,232270000,^DJI,4
2017-07-14,21637.740234375,21681.529296875,21521.720703125,21532.76953125,235590000,^DJI,5
2017-07-17,21629.720703125,21661.810546875,21617.66015625,21633.970703125,244780000,^DJI,1
2017-07-18,21574.73046875,21589.939453125,21471.140625,21589.939453125,251110000,^DJI,2
2017-07-19,21640.75,21640.75,21565.83984375,21569.25,253040000,^DJI,3
2017-07-20,21611.779296875,21661.91015625,21576.9609375,21641.5390625,313950000,^DJI,4
2017-07-21,21580.0703125,21592.609375,21503.779296875,21591.720703125,362830000,^DJI,5
2017-07-24,21513.169921875,21577.779296875,21496.130859375,21577.779296875,284080000,^DJI,1
2017-07-25,21613.4296875,21670.619140625,21577.369140625,21638.560546875,304300000,^DJI,2
2017-07-26,21711.009765625,21742.69921875,21683.2890625,21690.380859375,278240000,^DJI,3
2017-07-27,21796.55078125,21798.470703125,21687.849609375,21717.419921875,407320000,^DJI,4
2017-07-28,21830.310546875,21841.1796875,21756.119140625,21787.509765625,285630000,^DJI,5
2017-07-31,21891.119140625,21929.80078125,21861.7109375,21863.390625,307610000,^DJI,1
2017-08-01,21963.919921875,21990.9609375,21940.810546875,21961.419921875,328410000,^DJI,2
2017-08-02,22016.240234375,22036.099609375,21967.4609375,22004.359375,336820000,^DJI,3
2017-08-03,22026.099609375,22044.849609375,21991.3203125,22007.580078125,278730000,^DJI,4
2017-08-04,22092.810546875,22092.810546875,22024.640625,22058.390625,253640000,^DJI,5
2017-08-07,22118.419921875,22121.150390625,22081.970703125,22100.19921875,213010000,^DJI,1
2017-08-08,22085.33984375,22179.109375,22057.2890625,22095.140625,262000000,^DJI,2
2017-08-09,22048.69921875,22057.189453125,21996.689453125,22022.33984375,277800000,^DJI,3
2017-08-10,21844.009765625,21988.19921875,21843.939453125,21988.19921875,303310000,^DJI,4
2017-08-11,21858.3203125,21911.08984375,21842.740234375,21883.3203125,237790000,^DJI,5
2017-08-14,21993.7109375,22019.23046875,21945.640625,21945.640625,235030000,^DJI,1
2017-08-15,21998.990234375,22038.919921875,21971.48046875,22029.91015625,269070000,^DJI,2
2017-08-16,22024.869140625,22085.7109375,22002.470703125,22031.9296875,264920000,^DJI,3
2017-08-17,21750.73046875,21984.740234375,21750.3203125,21984.740234375,311030000,^DJI,4
2017-08-18,21674.509765625,21793.349609375,21641.630859375,21724.880859375,309070000,^DJI,5
2017-08-21,21703.75,21718.740234375,21600.33984375,21671.359375,277880000,^DJI,1
2017-08-22,21899.890625,21912.830078125,21738.130859375,21739.779296875,244980000,^DJI,2
2017-08-23,21812.08984375,21866.66015625,21808.390625,21850.26953125,234810000,^DJI,3
2017-08-24,21783.400390625,21870.109375,21765.8203125,21839.900390625,228480000,^DJI,4
2017-08-25,21813.669921875,21906.859375,21812.810546875,21819.080078125,217570000,^DJI,5
2017-08-28,21808.400390625,21861.490234375,21767.939453125,21832.5,218740000,^DJI,1
2017-08-29,21865.369140625,21879.220703125,21673.580078125,21718.0,227340000,^DJI,2
2017-08-30,21892.4296875,21914.259765625,21839.470703125,21859.759765625,242840000,^DJI,3
2017-08-31,21948.099609375,21985.759765625,21910.5,21936.009765625,376790000,^DJI,4
2017-09-01,21987.560546875,22038.970703125,21974.91015625,21981.76953125,256240000,^DJI,5
2017-09-05,21753.310546875,21921.08984375,21709.630859375,21912.369140625,332840000,^DJI,2
2017-09-06,21807.640625,21849.240234375,21794.0703125,21815.759765625,318760000,^DJI,3
2017-09-07,21784.779296875,21850.009765625,21745.7109375,21820.380859375,333810000,^DJI,4
2017-09-08,21797.7890625,21846.630859375,21731.119140625,21764.4296875,289400000,^DJI,5
2017-09-11,22057.369140625,22067.099609375,21927.7890625,21927.7890625,312770000,^DJI,1
2017-09-12,22118.859375,22134.5703125,22087.08984375,22090.560546875,364580000,^DJI,2
2017-09-13,22158.1796875,22158.1796875,22095.7890625,22103.470703125,291890000,^DJI,3
2017-09-14,22203.48046875,22216.439453125,22135.259765625,22144.9609375,297780000,^DJI,4
2017-09-15,22268.33984375,22275.01953125,22214.51953125,22252.439453125,527540000,^DJI,5
2017-09-18,22331.349609375,22355.619140625,22283.349609375,22297.919921875,302740000,^DJI,1
2017-09-19,22370.80078125,22386.009765625,22340.7109375,22349.69921875,295570000,^DJI,2
2017-09-20,22412.58984375,22413.259765625,22314.6796875,22351.380859375,334560000,^DJI,3
2017-09-21,22359.23046875,22419.509765625,22356.55078125,22414.01953125,287390000,^DJI,4
2017-09-22,22349.58984375,22364.310546875,22299.580078125,22334.0703125,297140000,^DJI,5
2017-09-25,22296.08984375,22359.880859375,22219.109375,22320.470703125,332430000,^DJI,1
2017-09-26,22284.3203125,22369.349609375,22279.51953125,22322.029296875,285990000,^DJI,2
2017-09-27,22340.7109375,22371.099609375,22254.9296875,22330.9296875,342900000,^DJI,3
2017-09-28,22381.19921875,22394.740234375,22288.970703125,22306.830078125,263010000,^DJI,4
2017-09-29,22405.08984375,22405.630859375,22332.9609375,22358.470703125,274790000,^DJI,5
2017-10-02,22557.599609375,22559.380859375,22416.0,22423.470703125,268530000,^DJI,1
2017-10-03,22641.669921875,22646.3203125,22562.900390625,22564.44921875,238830000,^DJI,2
2017-10-04,22661.640625,22685.939453125,22632.80078125,22645.669921875,235730000,^DJI,3
2017-10-05,22775.390625,22777.0390625,22655.140625,22669.080078125,246400000,^DJI,4
2017-10-06,22773.669921875,22773.669921875,22730.849609375,22762.029296875,221450000,^DJI,5
2017-10-09,22761.0703125,22803.369140625,22739.380859375,22779.73046875,310770000,^DJI,1
2017-10-10,22830.6796875,22850.509765625,22770.990234375,22784.759765625,319270000,^DJI,2
2017-10-11,22872.890625,22872.890625,22821.66015625,22827.650390625,316000000,^DJI,3
2017-10-12,22841.009765625,22884.8203125,22821.130859375,22854.849609375,291790000,^DJI,4
2017-10-13,22871.720703125,22905.330078125,22855.9296875,22876.4296875,259560000,^DJI,5
2017-10-16,22956.9609375,22960.119140625,22887.119140625,22892.919921875,247180000,^DJI,1
2017-10-17,22997.439453125,23002.19921875,22948.23046875,22952.41015625,273090000,^DJI,2
2017-10-18,23157.599609375,23172.9296875,23086.75,23087.130859375,271870000,^DJI,3
2017-10-19,23163.0390625,23167.240234375,23052.669921875,23107.470703125,350400000,^DJI,4
2017-10-20,23328.630859375,23328.83984375,23201.779296875,23205.1796875,474380000,^DJI,5
2017-10-23,23273.9609375,23368.369140625,23273.9609375,23348.94921875,456830000,^DJI,1
2017-10-24,23441.759765625,23485.25,23343.23046875,23346.779296875,406850000,^DJI,2
2017-10-25,23329.4609375,23451.509765625,23251.109375,23431.08984375,399560000,^DJI,3
2017-10-26,23400.859375,23459.83984375,23380.890625,23380.890625,370600000,^DJI,4
2017-10-27,23434.189453125,23449.400390625,23353.16015625,23419.16015625,518870000,^DJI,5
2017-10-30,23348.740234375,23428.75,23327.869140625,23405.75,436900000,^DJI,1
2017-10-31,23377.240234375,23406.349609375,23334.390625,23369.220703125,388050000,^DJI,2
2017-11-01,23435.009765625,23517.7109375,23388.91015625,23442.900390625,361260000,^DJI,3
2017-11-02,23516.259765625,23531.380859375,23350.98046875,23463.240234375,348040000,^DJI,4
2017-11-03,23539.189453125,23557.060546875,23481.5703125,23549.58984375,312250000,^DJI,5
2017-11-06,23548.419921875,23574.859375,23520.75,23533.9609375,325190000,^DJI,1
2017-11-07,23557.23046875,23602.119140625,23484.189453125,23574.029296875,285080000,^DJI,2
2017-11-08,23563.359375,23575.0,23510.560546875,23542.599609375,264670000,^DJI,3
2017-11-09,23461.939453125,23516.740234375,23310.01953125,23492.08984375,305440000,^DJI,4
2017-11-10,23422.2109375,23452.19921875,23392.9609375,23432.7109375,351280000,^DJI,5
2017-11-13,23439.69921875,23461.6796875,23343.33984375,23367.470703125,491260000,^DJI,1
2017-11-14,23409.470703125,23414.080078125,23271.5703125,23388.400390625,561330000,^DJI,2
2017-11-15,23271.279296875,23344.990234375,23242.75,23334.58984375,404300000,^DJI,3
2017-11-16,23458.359375,23492.189453125,23365.33984375,23365.33984375,402020000,^DJI,4
2017-11-17,23358.240234375,23433.76953125,23356.009765625,23433.76953125,386000000,^DJI,5
2017-11-20,23430.330078125,23456.880859375,23360.580078125,23370.7109375,315330000,^DJI,1
2017-11-21,23590.830078125,23617.80078125,23500.150390625,23500.150390625,329650000,^DJI,2
2017-11-22,23526.1796875,23605.76953125,23507.609375,23597.240234375,268760000,^DJI,3
2017-11-24,23557.990234375,23599.1796875,23551.58984375,23552.75,118610000,^DJI,5
2017-11-27,23580.779296875,23638.919921875,23545.01953125,23552.859375,296320000,^DJI,1
2017-11-28,23836.7109375,23849.609375,23617.109375,23625.189453125,319240000,^DJI,2
2017-11-29,23940.6796875,23959.759765625,23872.58984375,23883.259765625,401410000,^DJI,3
2017-11-30,24272.349609375,24327.8203125,24013.80078125,24013.80078125,488200000,^DJI,4
2017-12-01,24231.58984375,24322.060546875,23921.900390625,24305.400390625,417910000,^DJI,5
2017-12-04,24290.05078125,24534.0390625,24288.189453125,24424.109375,424250000,^DJI,1
2017-12-05,24180.640625,24349.740234375,24155.279296875,24335.009765625,371190000,^DJI,2
2017-12-06,24140.91015625,24229.349609375,24134.490234375,24171.900390625,312720000,^DJI,3
2017-12-07,24211.48046875,24262.880859375,24101.240234375,24116.599609375,319060000,^DJI,4
2017-12-08,24329.16015625,24330.119140625,24225.5,24263.259765625,293590000,^DJI,5
2017-12-11,24386.029296875,24389.720703125,24314.740234375,24338.109375,300580000,^DJI,1
2017-12-12,24504.80078125,24552.970703125,24443.830078125,24452.9609375,342220000,^DJI,2
2017-12-13,24585.4296875,24666.01953125,24518.30078125,24525.189453125,325280000,^DJI,3
2017-12-14,24508.66015625,24672.48046875,24508.66015625,24631.009765625,314780000,^DJI,4
2017-12-15,24651.740234375,24688.619140625,24584.439453125,24585.7109375,635740000,^DJI,5
2017-12-18,24792.19921875,24876.0703125,24739.560546875,24739.560546875,354880000,^DJI,1
2017-12-19,24754.75,24850.109375,24715.599609375,24834.380859375,335330000,^DJI,2
2017-12-20,24726.650390625,24852.439453125,24697.109375,24838.08984375,341790000,^DJI,3
2017-12-21,24782.2890625,24850.91015625,24766.26953125,24778.259765625,339530000,^DJI,4
2017-12-22,24754.060546875,24784.150390625,24717.509765625,24764.0390625,255140000,^DJI,5
2017-12-26,24746.2109375,24778.130859375,24708.419921875,24715.83984375,208290000,^DJI,2
2017-12-27,24774.30078125,24789.51953125,24731.6796875,24766.51953125,225890000,^DJI,3
2017-12-28,24837.509765625,24839.23046875,24797.130859375,24807.2109375,200960000,^DJI,4
2017-12-29,24719.220703125,24871.66015625,24719.220703125,24849.630859375,270760000,^DJI,5
2018-01-02,24824.009765625,24864.189453125,24741.69921875,24809.349609375,341130000,^DJI,2
2018-01-03,24922.6796875,24941.919921875,24825.55078125,24850.44921875,456790000,^DJI,3
2018-01-04,25075.130859375,25105.9609375,24963.26953125,24964.859375,403280000,^DJI,4
2018-01-05,25295.869140625,25299.7890625,25112.009765625,25114.919921875,358020000,^DJI,5
2018-01-08,25283.0,25311.990234375,25235.41015625,25308.400390625,341390000,^DJI,1
2018-01-09,25385.80078125,25439.779296875,25308.41015625,25312.05078125,333490000,^DJI,2
2018-01-10,25369.130859375,25404.919921875,25256.990234375,25348.130859375,341470000,^DJI,3
2018-01-11,25574.73046875,25575.419921875,25396.189453125,25398.599609375,346830000,^DJI,4
2018-01-12,25803.189453125,25810.4296875,25633.080078125,25638.390625,376390000,^DJI,5
2018-01-16,25792.859375,26086.119140625,25702.990234375,25987.619140625,606520000,^DJI,2
2018-01-17,26115.650390625,26130.44921875,25865.01953125,25910.779296875,522720000,^DJI,3
2018-01-18,26017.810546875,26153.419921875,25947.3203125,26149.55078125,492780000,^DJI,4
2018-01-19,26071.720703125,26071.720703125,25942.830078125,25987.349609375,585000000,^DJI,5
2018-01-22,26214.599609375,26215.23046875,25974.650390625,26025.3203125,431200000,^DJI,1
2018-01-23,26210.810546875,26246.189453125,26143.900390625,26214.869140625,433490000,^DJI,2
2018-01-24,26252.119140625,26392.80078125,26106.939453125,26282.0703125,518790000,^DJI,3
2018-01-25,26392.7890625,26458.25,26259.720703125,26313.060546875,401390000,^DJI,4
2018-01-26,26616.7109375,26616.7109375,26425.349609375,26466.740234375,477780000,^DJI,5
2018-01-29,26439.48046875,26608.900390625,26435.33984375,26584.279296875,421000000,^DJI,1
2018-01-30,26076.890625,26256.990234375,26028.419921875,26198.44921875,448330000,^DJI,2
2018-01-31,26149.390625,26338.029296875,26050.98046875,26268.169921875,479130000,^DJI,3
2018-02-01,26186.7109375,26306.69921875,26014.439453125,26083.0390625,410620000,^DJI,4
2018-02-02,25520.9609375,26061.7890625,25490.66015625,26061.7890625,522880000,^DJI,5
2018-02-05,24345.75,25520.529296875,23923.880859375,25337.869140625,714450000,^DJI,1
2018-02-06,24912.76953125,24946.23046875,23778.740234375,24085.169921875,823940000,^DJI,2
2018-02-07,24893.349609375,25293.9609375,24785.439453125,24892.869140625,504620000,^DJI,3
2018-02-08,23860.4609375,24903.6796875,23849.23046875,24902.30078125,657500000,^DJI,4
2018-02-09,24190.900390625,24382.140625,23360.2890625,23992.669921875,735030000,^DJI,5
2018-02-12,24601.26953125,24765.16015625,24290.48046875,24337.759765625,496610000,^DJI,1
2018-02-13,24640.44921875,24705.720703125,24421.029296875,24540.330078125,374410000,^DJI,2
2018-02-14,24893.490234375,24925.94921875,24490.359375,24535.8203125,431160000,^DJI,3
2018-02-15,25200.369140625,25203.94921875,24809.419921875,25047.8203125,416780000,^DJI,4
2018-02-16,25219.380859375,25432.419921875,25149.259765625,25165.939453125,406730000,^DJI,5
2018-02-20,24964.75,25179.009765625,24884.189453125,25124.91015625,421510000,^DJI,2
2018-02-21,24797.779296875,25267.990234375,24792.990234375,24988.060546875,456070000,^DJI,3
2018-02-22,24962.48046875,25156.720703125,24854.830078125,24855.41015625,378900000,^DJI,4
2018-02-23,25309.990234375,25313.91015625,25028.73046875,25050.509765625,335420000,^DJI,5
2018-02-26,25709.26953125,25732.80078125,25398.560546875,25403.349609375,473360000,^DJI,1
2018-02-27,25410.029296875,25800.349609375,25407.830078125,25735.779296875,438390000,^DJI,2
2018-02-28,25029.19921875,25576.150390625,25022.419921875,25485.150390625,451870000,^DJI,3
2018-03-01,24608.98046875,25185.349609375,24442.560546875,25024.0390625,506280000,^DJI,4
2018-03-02,24538.060546875,24592.4609375,24217.759765625,24394.91015625,437130000,^DJI,5
2018-03-05,24874.759765625,24961.0,24387.150390625,24471.310546875,383910000,^DJI,1
2018-03-06,24884.119140625,24995.240234375,24708.41015625,24965.890625,331770000,^DJI,2
2018-03-07,24801.359375,24849.6796875,24535.119140625,24758.150390625,394070000,^DJI,3
2018-03-08,24895.2109375,24950.490234375,24703.05078125,24853.41015625,327300000,^DJI,4
2018-03-09,25335.740234375,25336.330078125,25004.890625,25004.890625,371570000,^DJI,5
2018-03-12,25178.609375,25449.150390625,25152.01953125,25372.439453125,362580000,^DJI,1
2018-03-13,25007.029296875,25376.400390625,24947.5,25257.75,447880000,^DJI,2
2018-03-14,24758.119140625,25130.119140625,24668.830078125,25086.970703125,356830000,^DJI,3
2018-03-15,24873.66015625,25053.869140625,24753.2890625,24837.2890625,316310000,^DJI,4
2018-03-16,24946.509765625,25031.0,24857.08984375,24877.33984375,654240000,^DJI,5
2018-03-19,24610.91015625,24893.689453125,24453.140625,24893.689453125,377990000,^DJI,1
2018-03-20,24727.26953125,24803.609375,24650.640625,24650.640625,342510000,^DJI,2
2018-03-21,24682.310546875,24977.650390625,24655.400390625,24723.490234375,343230000,^DJI,3
2018-03-22,23957.890625,24526.009765625,23938.740234375,24526.009765625,439280000,^DJI,4
2018-03-23,23533.19921875,24108.470703125,23509.060546875,23995.1796875,482550000,^DJI,5
2018-03-26,24202.599609375,24232.30078125,23741.220703125,23825.740234375,479540000,^DJI,1
2018-03-27,23857.7109375,24446.220703125,23708.73046875,24276.619140625,524480000,^DJI,2
2018-03-28,23848.419921875,24092.470703125,23728.669921875,23883.080078125,530040000,^DJI,3
2018-03-29,24103.109375,24314.30078125,23928.130859375,23949.1796875,463550000,^DJI,4
2018-04-02,23644.189453125,24123.80078125,23344.51953125,24076.599609375,509820000,^DJI,1
2018-04-03,24033.359375,24044.349609375,23664.330078125,23698.330078125,394130000,^DJI,2
2018-04-04,24264.30078125,24308.9609375,23523.16015625,23654.150390625,388540000,^DJI,3
2018-04-05,24505.220703125,24622.259765625,24313.91015625,24313.91015625,347790000,^DJI,4
2018-04-06,23932.759765625,24434.400390625,23738.19921875,24373.599609375,395990000,^DJI,5
2018-04-09,23979.099609375,24373.1796875,23954.830078125,24037.51953125,380790000,^DJI,1
2018-04-10,24408.0,24511.349609375,24198.94921875,24198.94921875,368590000,^DJI,2
2018-04-11,24189.44921875,24366.5703125,24150.869140625,24274.189453125,286360000,^DJI,3
2018-04-12,24483.05078125,24592.119140625,24302.8203125,24302.8203125,336130000,^DJI,4
2018-04-13,24360.140625,24646.44921875,24243.740234375,24582.8203125,331890000,^DJI,5
2018-04-16,24573.0390625,24675.359375,24480.19921875,24483.150390625,305070000,^DJI,1
2018-04-17,24786.630859375,24858.970703125,24681.7890625,24681.7890625,342410000,^DJI,2
2018-04-18,24748.0703125,24832.5390625,24721.08984375,24820.849609375,302030000,^DJI,3
2018-04-19,24664.890625,24762.48046875,24557.029296875,24711.30078125,381110000,^DJI,4
2018-04-20,24462.939453125,24678.0703125,24375.0390625,24657.390625,537770000,^DJI,5
2018-04-23,24448.689453125,24536.890625,24328.5390625,24488.0703125,351030000,^DJI,1
2018-04-24,24024.130859375,24579.939453125,23828.73046875,24579.939453125,468180000,^DJI,2
2018-04-25,24083.830078125,24146.33984375,23823.080078125,24070.19921875,437100000,^DJI,3
2018-04-26,24322.33984375,24402.4609375,24128.720703125,24128.720703125,390360000,^DJI,4
2018-04-27,24311.189453125,24359.380859375,24194.44921875,24342.140625,392810000,^DJI,5
2018-04-30,24163.150390625,24498.23046875,24163.080078125,24410.41015625,416650000,^DJI,1
2018-05-01,24099.05078125,24117.2890625,23808.189453125,24117.2890625,380070000,^DJI,2
2018-05-02,23924.98046875,24185.51953125,23886.30078125,24097.630859375,385350000,^DJI,3
2018-05-03,23930.150390625,23996.150390625,23531.310546875,23836.23046875,389240000,^DJI,4
2018-05-04,24262.509765625,24333.349609375,23778.869140625,23865.220703125,329480000,^DJI,5
2018-05-07,24357.3203125,24479.44921875,24263.419921875,24317.66015625,307670000,^DJI,1
2018-05-08,24360.2109375,24412.33984375,24198.33984375,24341.349609375,344940000,^DJI,2
2018-05-09,24542.5390625,24586.48046875,24323.869140625,24399.1796875,361580000,^DJI,3
2018-05-10,24739.529296875,24794.990234375,24575.91015625,24591.66015625,304210000,^DJI,4
2018-05-11,24831.169921875,24868.650390625,24717.5,24758.640625,274150000,^DJI,5
2018-05-14,24899.41015625,24994.189453125,24862.51953125,24879.369140625,282860000,^DJI,1
2018-05-15,24706.41015625,24809.55078125,24629.390625,24809.55078125,301900000,^DJI,2
2018-05-16,24768.9296875,24801.189453125,24672.7890625,24722.3203125,280810000,^DJI,3
2018-05-17,24713.98046875,24839.490234375,24639.400390625,24752.400390625,314650000,^DJI,4
2018-05-18,24715.08984375,24774.970703125,24664.869140625,24707.720703125,269700000,^DJI,5
2018-05-21,25013.2890625,25086.490234375,24883.060546875,24883.060546875,308920000,^DJI,1
2018-05-22,24834.41015625,25064.990234375,24812.060546875,25047.55078125,288200000,^DJI,2
2018-05-23,24886.810546875,24889.4609375,24667.119140625,24757.7109375,399610000,^DJI,3
2018-05-24,24811.759765625,24877.359375,24605.900390625,24877.359375,347050000,^DJI,4
2018-05-25,24753.08984375,24824.220703125,24687.810546875,24781.2890625,257210000,^DJI,5
2018-05-29,24361.44921875,24635.1796875,24247.83984375,24606.58984375,395810000,^DJI,2
2018-05-30,24667.779296875,24714.48046875,24459.08984375,24467.830078125,324870000,^DJI,3
2018-05-31,24415.83984375,24620.7890625,24352.150390625,24620.7890625,429740000,^DJI,4
2018-06-01,24635.2109375,24673.599609375,24542.08984375,24542.08984375,315710000,^DJI,5
2018-06-04,24813.689453125,24859.369140625,24722.140625,24727.55078125,340400000,^DJI,1
2018-06-05,24799.98046875,24838.779296875,24710.8203125,24820.119140625,306340000,^DJI,2
2018-06-06,25146.390625,25146.4609375,24854.140625,24854.140625,316090000,^DJI,3
2018-06-07,25241.41015625,25326.08984375,25164.48046875,25192.140625,357680000,^DJI,4
2018-06-08,25316.529296875,25325.630859375,25165.69921875,25209.2890625,317510000,^DJI,5
2018-06-11,25322.310546875,25402.830078125,25290.19921875,25336.669921875,276740000,^DJI,1
2018-06-12,25320.73046875,25364.369140625,25247.0390625,25346.8203125,265750000,^DJI,2
2018-06-13,25201.19921875,25362.0703125,25191.419921875,25328.650390625,329700000,^DJI,3
2018-06-14,25175.310546875,25332.5,25138.599609375,25254.650390625,341170000,^DJI,4
2018-06-15,25090.48046875,25130.8203125,24894.380859375,25116.7109375,659370000,^DJI,5
2018-06-18,24987.470703125,25003.099609375,24825.76953125,24944.279296875,337070000,^DJI,1
2018-06-19,24700.2109375,24763.58984375,24567.75,24763.58984375,376380000,^DJI,2
2018-06-20,24657.80078125,24804.759765625,24628.390625,24771.169921875,359520000,^DJI,3
2018-06-21,24461.69921875,24639.2109375,24406.630859375,24639.2109375,349570000,^DJI,4
2018-06-22,24580.890625,24663.1796875,24526.970703125,24526.970703125,473970000,^DJI,5
2018-06-25,24252.80078125,24463.73046875,24084.390625,24463.73046875,439130000,^DJI,1
2018-06-26,24283.109375,24384.2109375,24241.220703125,24281.890625,301130000,^DJI,2
2018-06-27,24117.58984375,24569.01953125,24115.8203125,24303.109375,313790000,^DJI,3
2018-06-28,24216.05078125,24308.16015625,23997.2109375,24064.189453125,305020000,^DJI,4
2018-06-29,24271.41015625,24509.51953125,24269.7109375,24323.9296875,329070000,^DJI,5
2018-07-02,24307.1796875,24319.419921875,24077.560546875,24161.529296875,244110000,^DJI,1
2018-07-03,24174.8203125,24444.880859375,24150.849609375,24359.390625,160960000,^DJI,2
2018-07-05,24356.740234375,24372.80078125,24177.439453125,24285.8203125,237670000,^DJI,4
2018-07-06,24456.48046875,24520.2890625,24281.470703125,24352.470703125,219450000,^DJI,5
2018-07-09,24776.58984375,24796.51953125,24518.4296875,24519.19921875,240580000,^DJI,1
2018-07-10,24919.66015625,24945.380859375,24806.970703125,24806.970703125,235040000,^DJI,2
2018-07-11,24700.44921875,24815.16015625,24663.8203125,24789.48046875,237370000,^DJI,3
2018-07-12,24924.890625,24939.970703125,24802.900390625,24802.900390625,233150000,^DJI,4
2018-07-13,25019.41015625,25043.2109375,24890.060546875,24926.0703125,255520000,^DJI,5
2018-07-16,25064.359375,25072.41015625,24979.640625,25025.580078125,231270000,^DJI,1
2018-07-17,25119.890625,25155.390625,24989.609375,25033.919921875,250450000,^DJI,2
2018-07-18,25199.2890625,25215.3203125,25101.119140625,25133.7890625,252870000,^DJI,3
2018-07-19,25064.5,25154.169921875,25052.619140625,25139.150390625,285760000,^DJI,4
2018-07-20,25058.119140625,25124.099609375,24986.349609375,25041.140625,274080000,^DJI,5
2018-07-23,25044.2890625,25081.44921875,24983.330078125,25036.900390625,228820000,^DJI,1
2018-07-24,25241.939453125,25286.619140625,25092.4296875,25092.4296875,274940000,^DJI,2
2018-07-25,25414.099609375,25432.869140625,25113.55078125,25183.69921875,273670000,^DJI,3
2018-07-26,25527.0703125,25587.240234375,25463.16015625,25468.55078125,297530000,^DJI,4
2018-07-27,25451.060546875,25580.220703125,25370.0703125,25520.51953125,329680000,^DJI,5
2018-07-30,25306.830078125,25500.16015625,25287.380859375,25439.3203125,296880000,^DJI,1
2018-07-31,25415.189453125,25490.98046875,25345.2109375,25345.2109375,348700000,^DJI,2
2018-08-01,25333.8203125,25488.80078125,25278.3203125,25461.630859375,315880000,^DJI,3
2018-08-02,25326.16015625,25360.48046875,25120.0703125,25256.44921875,307700000,^DJI,4
2018-08-03,25462.580078125,25467.900390625,25325.169921875,25360.369140625,239020000,^DJI,5
2018-08-06,25502.1796875,25540.01953125,25381.380859375,25437.4296875,238990000,^DJI,1
2018-08-07,25628.91015625,25692.720703125,25551.650390625,25551.650390625,239910000,^DJI,2
2018-08-08,25583.75,25634.109375,25557.48046875,25615.720703125,217770000,^DJI,3
2018-08-09,25509.23046875,25613.310546875,25492.689453125,25589.7890625,214970000,^DJI,4
2018-08-10,25313.140625,25401.189453125,25222.880859375,25401.189453125,234480000,^DJI,5
2018-08-13,25187.69921875,25381.390625,25153.9296875,25327.189453125,219990000,^DJI,1
2018-08-14,25299.919921875,25339.509765625,25201.869140625,25215.689453125,219210000,^DJI,2
2018-08-15,25162.41015625,25235.369140625,24965.76953125,25235.369140625,295810000,^DJI,3
2018-08-16,25558.73046875,25607.33984375,25294.970703125,25294.970703125,342430000,^DJI,4
2018-08-17,25669.3203125,25728.16015625,25521.66015625,25550.80078125,284160000,^DJI,5
2018-08-20,25758.689453125,25790.169921875,25716.41015625,25727.69921875,248570000,^DJI,1
2018-08-21,25822.2890625,25888.8203125,25784.900390625,25786.990234375,241620000,^DJI,2
2018-08-22,25733.599609375,25836.16015625,25722.4296875,25825.060546875,200480000,^DJI,3
2018-08-23,25656.98046875,25762.560546875,25608.01953125,25714.859375,213270000,^DJI,4
2018-08-24,25790.349609375,25826.05078125,25688.580078125,25688.580078125,200330000,^DJI,5
2018-08-27,26049.640625,26067.5703125,25882.7109375,25882.7109375,220510000,^DJI,1
2018-08-28,26064.01953125,26122.240234375,26037.849609375,26092.69921875,211470000,^DJI,2
2018-08-29,26124.5703125,26167.939453125,26035.30078125,26082.529296875,214960000,^DJI,3
2018-08-30,25986.919921875,26104.369140625,25934.80078125,26099.009765625,240440000,^DJI,4
2018-08-31,25964.8203125,26028.830078125,25879.76953125,25964.849609375,273440000,^DJI,5
2018-09-04,25952.48046875,25971.76953125,25805.94921875,25916.0703125,254600000,^DJI,2
2018-09-05,25974.990234375,26011.220703125,25871.0390625,25919.83984375,289210000,^DJI,3
2018-09-06,25995.869140625,26073.6796875,25880.83984375,25973.01953125,262380000,^DJI,4
2018-09-07,25916.5390625,26002.990234375,25818.390625,25951.01953125,281350000,^DJI,5
2018-09-10,25857.0703125,26039.9609375,25854.130859375,25991.91015625,252170000,^DJI,1
2018-09-11,25971.060546875,26019.919921875,25754.3203125,25841.140625,265960000,^DJI,2
2018-09-12,25998.919921875,26145.720703125,25929.4296875,25989.0703125,282770000,^DJI,3
2018-09-13,26145.990234375,26191.640625,26067.080078125,26083.939453125,260800000,^DJI,4
2018-09-14,26154.669921875,26211.109375,26068.2890625,26169.560546875,228640000,^DJI,5
2018-09-17,26062.119140625,26184.470703125,26030.349609375,26151.66015625,230230000,^DJI,1
2018-09-18,26246.9609375,26317.33984375,26076.2109375,26076.2109375,243000000,^DJI,2
2018-09-19,26405.759765625,26464.41015625,26280.759765625,26287.83984375,251330000,^DJI,3
2018-09-20,26656.98046875,26697.490234375,26519.390625,26519.390625,260480000,^DJI,4
2018-09-21,26743.5,26769.16015625,26680.369140625,26726.25,657620000,^DJI,5
2018-09-24,26562.05078125,26709.939453125,26548.6796875,26705.25,254850000,^DJI,1
2018-09-25,26492.2109375,26634.849609375,26475.580078125,26601.580078125,234110000,^DJI,2
2018-09-26,26385.279296875,26606.08984375,26349.33984375,26536.859375,262620000,^DJI,3
2018-09-27,26439.9296875,26557.009765625,26379.94921875,26418.26953125,226350000,^DJI,4
2018-09-28,26458.310546875,26515.759765625,26383.5703125,26407.66015625,264030000,^DJI,5
2018-10-01,26651.2109375,26737.98046875,26596.05078125,26598.359375,238320000,^DJI,1
2018-10-02,26773.939453125,26824.779296875,26627.66015625,26648.91015625,258290000,^DJI,2
2018-10-03,26828.390625,26951.810546875,26789.080078125,26833.470703125,280130000,^DJI,3
2018-10-04,26627.48046875,26793.8203125,26471.609375,26784.080078125,289600000,^DJI,4
2018-10-05,26447.05078125,26676.16015625,26301.810546875,26632.76953125,267100000,^DJI,5
2018-10-08,26486.779296875,26529.349609375,26223.08984375,26399.44921875,273020000,^DJI,1
2018-10-09,26430.5703125,26539.939453125,26324.16015625,26469.189453125,282560000,^DJI,2
2018-10-10,25598.740234375,26487.869140625,25567.099609375,26441.73046875,438200000,^DJI,3
2018-10-11,25052.830078125,25683.640625,24899.76953125,25518.390625,522880000,^DJI,4
2018-10-12,25339.990234375,25467.55078125,25000.830078125,25407.630859375,397510000,^DJI,5
2018-10-15,25250.55078125,25482.419921875,25243.880859375,25332.4609375,287320000,^DJI,1
2018-10-16,25798.419921875,25817.6796875,25351.529296875,25351.529296875,305800000,^DJI,2
2018-10-17,25706.6796875,25810.08984375,25479.16015625,25705.869140625,298210000,^DJI,3
2018-10-18,25379.44921875,25691.4609375,25236.009765625,25645.560546875,328020000,^DJI,4
2018-10-19,25444.33984375,25608.7109375,25350.01953125,25421.08984375,350810000,^DJI,5
2018-10-22,25317.41015625,25561.33984375,25236.05078125,25492.140625,314940000,^DJI,1
2018-10-23,25191.4296875,25307.69921875,24768.7890625,25038.4609375,436430000,^DJI,2
2018-10-24,24583.419921875,25306.23046875,24533.189453125,25172.880859375,496400000,^DJI,3
2018-10-25,24984.55078125,25104.2890625,24645.560546875,24736.5390625,439670000,^DJI,4
2018-10-26,24688.310546875,24916.16015625,24445.189453125,24770.25,505310000,^DJI,5
2018-10-29,24442.919921875,25040.580078125,24122.23046875,24818.98046875,443850000,^DJI,1
2018-10-30,24874.640625,24906.6796875,24415.689453125,24482.0390625,470050000,^DJI,2
2018-10-31,25115.759765625,25336.55078125,25008.8203125,25008.8203125,448930000,^DJI,3
2018-11-01,25380.740234375,25396.470703125,25108.109375,25142.080078125,383970000,^DJI,4
2018-11-02,25270.830078125,25578.98046875,25078.720703125,25443.599609375,429480000,^DJI,5
2018-11-05,25461.69921875,25507.349609375,25261.470703125,25261.470703125,334740000,^DJI,1
2018-11-06,25635.009765625,25651.859375,25444.900390625,25452.830078125,265450000,^DJI,2
2018-11-07,26180.30078125,26200.140625,25765.880859375,25788.4609375,361780000,^DJI,3
2018-11-08,26191.220703125,26277.8203125,26081.900390625,26139.58984375,295650000,^DJI,4
2018-11-09,25989.30078125,26161.490234375,25882.91015625,26149.109375,324450000,^DJI,5
2018-11-12,25387.1796875,25966.7109375,25340.509765625,25959.330078125,346910000,^DJI,1
2018-11-13,25286.490234375,25511.029296875,25193.779296875,25321.2109375,339690000,^DJI,2
2018-11-14,25080.5,25501.2890625,24935.8203125,25388.080078125,384240000,^DJI,3
2018-11-15,25289.26953125,25354.560546875,24787.7890625,25061.48046875,392750000,^DJI,4
2018-11-16,25413.220703125,25510.23046875,25147.80078125,25242.349609375,354460000,^DJI,5
2018-11-19,25017.439453125,25392.609375,24900.98046875,25392.609375,358090000,^DJI,1
2018-11-20,24465.640625,24707.259765625,24368.98046875,24618.6796875,445920000,^DJI,2
2018-11-21,24464.689453125,24669.7890625,24463.279296875,24541.650390625,289370000,^DJI,3
2018-11-23,24285.94921875,24408.80078125,24268.740234375,24336.400390625,155940000,^DJI,5
2018-11-26,24640.240234375,24673.2890625,24364.130859375,24364.130859375,306280000,^DJI,1
2018-11-27,24748.73046875,24750.73046875,24416.029296875,24557.01953125,308250000,^DJI,2
2018-11-28,25366.4296875,25368.9296875,24832.83984375,24832.83984375,362160000,^DJI,3
2018-11-29,25338.83984375,25479.0390625,25202.7890625,25343.650390625,305110000,^DJI,4
2018-11-30,25538.4609375,25549.7109375,25250.970703125,25307.140625,482250000,^DJI,5
2018-12-03,25826.4296875,25980.2109375,25670.509765625,25779.5703125,388480000,^DJI,1
2018-12-04,25027.0703125,25773.119140625,25008.109375,25752.560546875,418900000,^DJI,2
2018-12-06,24947.669921875,24951.009765625,24242.220703125,24737.419921875,471690000,^DJI,4
2018-12-07,24388.94921875,25095.619140625,24284.779296875,24918.8203125,398230000,^DJI,5
2018-12-10,24423.259765625,24500.810546875,23881.369140625,24360.94921875,389690000,^DJI,1
2018-12-11,24370.240234375,24791.259765625,24221.060546875,24719.91015625,342960000,^DJI,2
2018-12-12,24527.26953125,24828.2890625,24509.08984375,24509.08984375,344330000,^DJI,3
2018-12-13,24597.380859375,24740.9609375,24473.2890625,24575.859375,299970000,^DJI,4
2018-12-14,24100.509765625,24431.140625,24033.7890625,24408.0390625,416940000,^DJI,5
2018-12-17,23592.98046875,24088.080078125,23456.880859375,23986.830078125,466740000,^DJI,1
2018-12-18,23675.640625,23927.76953125,23516.01953125,23769.130859375,408070000,^DJI,2
2018-12-19,23323.66015625,24057.33984375,23162.640625,23693.330078125,503550000,^DJI,3
2018-12-20,22859.599609375,23282.19921875,22644.310546875,23224.119140625,576700000,^DJI,4
2018-12-21,22445.369140625,23254.58984375,22396.33984375,22871.740234375,900510000,^DJI,5
2018-12-24,21792.19921875,22339.869140625,21792.19921875,22317.279296875,308420000,^DJI,1
2018-12-26,22878.44921875,22878.919921875,21712.529296875,21857.73046875,433080000,^DJI,3
2018-12-27,23138.8203125,23138.890625,22267.419921875,22629.060546875,407940000,^DJI,4
2018-12-28,23062.400390625,23381.880859375,22981.330078125,23213.609375,336510000,^DJI,5
2018-12-31,23327.4609375,23333.1796875,23118.30078125,23153.939453125,288830000,^DJI,1
2019-01-02,23346.240234375,23413.470703125,22928.58984375,23058.609375,321570000,^DJI,3
2019-01-03,22686.220703125,23176.390625,22638.41015625,23176.390625,424240000,^DJI,4
2019-01-04,23433.16015625,23518.640625,22894.919921875,22894.919921875,396020000,^DJI,5
2019-01-07,23531.349609375,23687.740234375,23301.58984375,23474.259765625,334200000,^DJI,1
2019-01-08,23787.44921875,23864.650390625,23581.44921875,23680.3203125,317420000,^DJI,2
2019-01-09,23879.119140625,24084.7109375,23703.16015625,23844.26953125,324570000,^DJI,3
2019-01-10,24001.919921875,24014.779296875,23703.25,23811.109375,338150000,^DJI,4
2019-01-11,23995.94921875,23996.3203125,23798.16015625,23940.009765625,262650000,^DJI,5
2019-01-14,23909.83984375,23964.900390625,23765.240234375,23880.529296875,277560000,^DJI,1
2019-01-15,24065.58984375,24099.140625,23887.9296875,23914.109375,291570000,^DJI,2
2019-01-16,24207.16015625,24288.609375,24119.720703125,24139.91015625,302830000,^DJI,3
2019-01-17,24370.099609375,24474.4609375,24088.900390625,24147.08984375,288590000,^DJI,4
2019-01-18,24706.349609375,24750.220703125,24459.029296875,24534.189453125,372970000,^DJI,5
2019-01-22,24404.48046875,24607.759765625,24244.310546875,24607.759765625,338480000,^DJI,2
2019-01-23,24575.619140625,24700.98046875,24307.169921875,24577.25,318600000,^DJI,3
2019-01-24,24553.240234375,24626.30078125,24422.73046875,24579.9609375,320170000,^DJI,4
2019-01-25,24737.19921875,24860.150390625,24676.75,24687.2109375,376890000,^DJI,5
2019-01-28,24528.220703125,24596.98046875,24323.939453125,24596.98046875,347170000,^DJI,1
2019-01-29,24579.9609375,24674.869140625,24504.0390625,24519.619140625,330870000,^DJI,2
2019-01-30,25014.859375,25109.619140625,24790.900390625,24826.51953125,397330000,^DJI,3
2019-01-31,24999.669921875,25049.619140625,24842.08984375,24954.48046875,507350000,^DJI,4
2019-02-01,25063.890625,25193.150390625,24982.490234375,25025.310546875,372090000,^DJI,5
2019-02-04,25239.369140625,25239.91015625,24977.669921875,25062.119140625,298540000,^DJI,1
2019-02-05,25411.51953125,25427.3203125,25287.650390625,25287.9296875,310650000,^DJI,2
2019-02-06,25390.30078125,25439.0390625,25312.060546875,25371.5703125,247590000,^DJI,3
2019-02-07,25169.529296875,25314.259765625,25000.51953125,25265.810546875,295460000,^DJI,4
2019-02-08,25106.330078125,25106.390625,24883.0390625,25042.359375,248210000,^DJI,5
2019-02-11,25053.109375,25196.75,25009.099609375,25142.810546875,241700000,^DJI,1
2019-02-12,25425.759765625,25458.98046875,25152.029296875,25152.029296875,278110000,^DJI,2
2019-02-13,25543.26953125,25625.94921875,25480.859375,25480.859375,263330000,^DJI,3
2019-02-14,25439.390625,25558.900390625,25308.08984375,25460.650390625,313010000,^DJI,4
2019-02-15,25883.25,25883.720703125,25564.630859375,25564.630859375,328530000,^DJI,5
2019-02-19,25891.3203125,25961.439453125,25820.009765625,25849.849609375,280620000,^DJI,2
2019-02-20,25954.439453125,25986.19921875,25846.48046875,25872.259765625,287880000,^DJI,3
2019-02-21,25850.630859375,25938.880859375,25762.2109375,25922.41015625,255710000,^DJI,4
2019-02-22,26031.810546875,26052.900390625,25906.26953125,25906.26953125,279760000,^DJI,5
2019-02-25,26091.94921875,26241.419921875,26080.66015625,26126.150390625,281600000,^DJI,1
2019-02-26,26057.98046875,26155.2890625,25966.009765625,26051.609375,257850000,^DJI,2
2019-02-27,25985.16015625,26039.6796875,25877.240234375,25995.599609375,255380000,^DJI,3
2019-02-28,25916.0,26029.2109375,25896.560546875,25984.279296875,338520000,^DJI,4
2019-03-01,26026.3203125,26143.919921875,25914.369140625,26019.669921875,289890000,^DJI,5
2019-03-04,25819.650390625,26155.98046875,25611.55078125,26122.189453125,295510000,^DJI,1
2019-03-05,25806.630859375,25877.150390625,25725.630859375,25829.0703125,252260000,^DJI,2
2019-03-06,25673.4609375,25837.609375,25633.7109375,25818.759765625,256250000,^DJI,3
2019-03-07,25473.23046875,25645.44921875,25352.55078125,25645.44921875,289140000,^DJI,4
2019-03-08,25450.240234375,25466.140625,25252.4609375,25347.380859375,270500000,^DJI,5
2019-03-11,25650.880859375,25661.630859375,25208.0,25208.0,309790000,^DJI,1
2019-03-12,25554.66015625,25675.439453125,25522.169921875,25600.30078125,317730000,^DJI,2
2019-03-13,25702.890625,25776.490234375,25571.310546875,25637.23046875,331410000,^DJI,3
2019-03-14,25709.939453125,25752.83984375,25621.310546875,25692.310546875,302790000,^DJI,4
2019-03-15,25848.869140625,25927.91015625,25649.69921875,25720.9609375,616910000,^DJI,5
2019-03-18,25914.099609375,25924.76953125,25785.66015625,25801.880859375,303170000,^DJI,1
2019-03-19,25887.380859375,26109.6796875,25814.919921875,25987.869140625,342250000,^DJI,2
2019-03-20,25745.669921875,25929.51953125,25670.630859375,25867.7890625,321980000,^DJI,3
2019-03-21,25962.509765625,26009.900390625,25657.779296875,25688.439453125,335250000,^DJI,4
2019-03-22,25502.3203125,25877.009765625,25501.44921875,25844.650390625,386510000,^DJI,5
2019-03-25,25516.830078125,25603.26953125,25372.259765625,25490.720703125,303120000,^DJI,1
2019-03-26,25657.73046875,25796.2890625,25544.779296875,25649.560546875,305110000,^DJI,2
2019-03-27,25625.58984375,25758.169921875,25425.26953125,25676.33984375,270340000,^DJI,3
2019-03-28,25717.4609375,25743.41015625,25576.689453125,25693.3203125,237170000,^DJI,4
2019-03-29,25928.6796875,25949.3203125,25771.669921875,25827.310546875,300620000,^DJI,5
2019-04-01,26258.419921875,26280.900390625,26071.689453125,26075.099609375,295570000,^DJI,1
2019-04-02,26179.130859375,26221.240234375,26122.310546875,26213.55078125,250940000,^DJI,2
2019-04-03,26218.130859375,26282.169921875,26138.470703125,26238.029296875,271980000,^DJI,3
2019-04-04,26384.630859375,26398.900390625,26212.779296875,26213.419921875,233040000,^DJI,4
2019-04-05,26424.990234375,26487.5703125,26370.8203125,26427.560546875,229550000,^DJI,5
2019-04-08,26341.01953125,26344.650390625,26246.029296875,26312.669921875,229380000,^DJI,1
2019-04-09,26150.580078125,26246.33984375,26103.140625,26243.5390625,244410000,^DJI,2
2019-04-10,26157.16015625,26209.490234375,26101.240234375,26173.7109375,203130000,^DJI,3
2019-04-11,26143.05078125,26229.880859375,26062.58984375,26188.2109375,211680000,^DJI,4
2019-04-12,26412.30078125,26436.6796875,26309.720703125,26357.7890625,369910000,^DJI,5
2019-04-15,26384.76953125,26424.849609375,26316.419921875,26407.759765625,250620000,^DJI,1
2019-04-16,26452.66015625,26530.7109375,26397.189453125,26482.189453125,302340000,^DJI,2
2019-04-17,26449.5390625,26501.01953125,26391.859375,26468.529296875,367780000,^DJI,3
2019-04-18,26559.5390625,26602.419921875,26444.529296875,26463.369140625,332850000,^DJI,4
2019-04-22,26511.05078125,26553.05078125,26458.609375,26510.76953125,232570000,^DJI,1
2019-04-23,26656.390625,26695.9609375,26503.560546875,26513.830078125,311690000,^DJI,2
2019-04-24,26597.05078125,26680.580078125,26582.859375,26652.560546875,283370000,^DJI,3
2019-04-25,26462.080078125,26536.48046875,26310.279296875,26426.369140625,296730000,^DJI,4
2019-04-26,26543.330078125,26543.560546875,26392.55078125,26454.619140625,317290000,^DJI,5
2019-04-29,26554.390625,26602.5390625,26520.75,26559.869140625,279450000,^DJI,1
2019-04-30,26592.91015625,26614.0390625,26419.470703125,26594.560546875,340320000,^DJI,2
2019-05-01,26430.140625,26689.390625,26426.380859375,26639.060546875,303850000,^DJI,3
2019-05-02,26307.7890625,26454.689453125,26180.359375,26407.150390625,287610000,^DJI,4
2019-05-03,26504.94921875,26534.9609375,26370.08984375,26379.140625,248900000,^DJI,5
2019-05-06,26438.48046875,26476.26953125,26033.94921875,26160.619140625,283020000,^DJI,1
2019-05-07,25965.08984375,26276.900390625,25789.7109375,26276.900390625,334960000,^DJI,2
2019-05-08,25967.330078125,26118.099609375,25889.41015625,25933.7890625,276420000,^DJI,3
2019-05-09,25828.359375,25884.890625,25517.390625,25878.849609375,334760000,^DJI,4
2019-05-10,25942.369140625,26019.3203125,25469.859375,25763.720703125,294580000,^DJI,5
2019-05-13,25324.990234375,25568.060546875,25222.509765625,25568.060546875,361240000,^DJI,1
2019-05-14,25532.05078125,25688.9609375,25384.029296875,25384.029296875,291570000,^DJI,2
2019-05-15,25648.01953125,25724.890625,25341.939453125,25400.130859375,270720000,^DJI,3
2019-05-16,25862.6796875,25957.630859375,25692.140625,25692.140625,320960000,^DJI,4
2019-05-17,25764.0,25948.740234375,25657.779296875,25719.94921875,283760000,^DJI,5
2019-05-20,25679.900390625,25751.7109375,25560.55078125,25655.310546875,279560000,^DJI,1
2019-05-21,25877.330078125,25898.26953125,25779.609375,25782.33984375,260870000,^DJI,2
2019-05-22,25776.609375,25878.2109375,25755.109375,25818.4609375,241760000,^DJI,3
2019-05-23,25490.470703125,25657.990234375,25328.08984375,25657.990234375,316940000,^DJI,4
2019-05-24,25585.689453125,25670.810546875,25496.19921875,25551.0703125,201370000,^DJI,5
2019-05-28,25347.76953125,25717.630859375,25342.279296875,25616.55078125,358980000,^DJI,2
2019-05-29,25126.41015625,25231.4609375,24938.240234375,25231.4609375,298930000,^DJI,3
2019-05-30,25169.880859375,25218.5390625,25066.75,25139.939453125,215240000,^DJI,4
2019-05-31,24815.0390625,25046.310546875,24809.509765625,25046.310546875,292230000,^DJI,5
2019-06-03,24819.779296875,24935.2109375,24680.5703125,24830.16015625,328240000,^DJI,1
2019-06-04,25332.1796875,25343.76953125,24962.8203125,24962.8203125,281690000,^DJI,2
2019-06-05,25539.5703125,25544.66015625,25373.580078125,25451.0,262660000,^DJI,3
2019-06-06,25720.66015625,25800.30078125,25518.05078125,25567.44921875,248070000,^DJI,4
2019-06-07,25983.939453125,26072.75,25768.720703125,25768.720703125,263010000,^DJI,5
2019-06-10,26062.6796875,26210.609375,26054.310546875,26090.220703125,249280000,^DJI,1
2019-06-11,26048.509765625,26248.669921875,25998.869140625,26180.58984375,253490000,^DJI,2
2019-06-12,26004.830078125,26082.099609375,25958.66015625,26040.30078125,223690000,^DJI,3
2019-06-13,26106.76953125,26146.91015625,25995.7109375,26036.939453125,213400000,^DJI,4
2019-06-14,26089.609375,26162.279296875,25988.08984375,26076.359375,208020000,^DJI,5
2019-06-17,26112.529296875,26165.779296875,26049.80078125,26108.529296875,199500000,^DJI,1
2019-06-18,26465.5390625,26527.189453125,26227.80078125,26228.900390625,273490000,^DJI,2
2019-06-19,26504.0,26569.75,26415.05078125,26490.16015625,240950000,^DJI,3
2019-06-20,26753.169921875,26798.630859375,26539.689453125,26665.380859375,278170000,^DJI,4
2019-06-21,26719.130859375,26907.369140625,26705.869140625,26749.119140625,485560000,^DJI,5
2019-06-24,26727.5390625,26806.51953125,26723.369140625,26727.609375,232390000,^DJI,1
2019-06-25,26548.220703125,26752.310546875,26527.66015625,26731.609375,282160000,^DJI,2
2019-06-26,26536.8203125,26660.0390625,26536.330078125,26599.419921875,274340000,^DJI,3
2019-06-27,26526.580078125,26607.240234375,26465.3203125,26523.720703125,246930000,^DJI,4
2019-06-28,26599.9609375,26638.349609375,26522.26953125,26605.9296875,499350000,^DJI,5
2019-07-01,26717.4296875,26890.640625,26616.2109375,26805.859375,267670000,^DJI,1
2019-07-02,26786.6796875,26787.560546875,26632.650390625,26719.529296875,219270000,^DJI,2
2019-07-03,26966.0,26966.0,26831.439453125,26832.3203125,149840000,^DJI,3
2019-07-05,26922.119140625,26950.810546875,26733.330078125,26867.75,192170000,^DJI,5
2019-07-08,26806.140625,26839.140625,26744.869140625,26835.640625,214290000,^DJI,1
2019-07-09,26783.490234375,26807.69921875,26665.5703125,26725.119140625,218330000,^DJI,2
2019-07-10,26860.19921875,26983.44921875,26813.109375,26851.9609375,207990000,^DJI,3
2019-07-11,27088.080078125,27088.44921875,26916.3203125,26950.16015625,252300000,^DJI,4
2019-07-12,27332.029296875,27333.7890625,27135.44921875,27139.490234375,248390000,^DJI,5
2019-07-15,27359.16015625,27364.689453125,27294.169921875,27364.689453125,199730000,^DJI,1
2019-07-16,27335.630859375,27398.6796875,27290.240234375,27349.3203125,226000000,^DJI,2
2019-07-17,27219.849609375,27343.060546875,27218.380859375,27320.91015625,193930000,^DJI,3
2019-07-18,27222.970703125,27266.810546875,27068.7890625,27191.98046875,216070000,^DJI,4
2019-07-19,27154.19921875,27342.9609375,27145.779296875,27246.380859375,287690000,^DJI,5
2019-07-22,27171.900390625,27227.76953125,27088.900390625,27174.1796875,216310000,^DJI,1
2019-07-23,27349.189453125,27368.810546875,27204.580078125,27231.859375,248850000,^DJI,2
2019-07-24,27269.970703125,27291.0390625,27191.119140625,27262.240234375,244320000,^DJI,3
2019-07-25,27140.98046875,27298.4296875,27062.48046875,27247.390625,241420000,^DJI,4
2019-07-26,27192.44921875,27213.69921875,27123.25,27166.0,233650000,^DJI,5
2019-07-29,27221.349609375,27275.849609375,27178.060546875,27192.240234375,250850000,^DJI,1
2019-07-30,27198.01953125,27224.359375,27069.859375,27145.390625,293250000,^DJI,2
2019-07-31,26864.26953125,27281.650390625,26719.599609375,27244.669921875,385150000,^DJI,3
2019-08-01,26583.419921875,27175.58984375,26548.7109375,26879.859375,386320000,^DJI,4
2019-08-02,26485.009765625,26570.01953125,26249.220703125,26528.66015625,327640000,^DJI,5
2019-08-05,25717.740234375,26259.23046875,25523.380859375,26259.23046875,422240000,^DJI,1
2019-08-06,26029.51953125,26038.6796875,25710.869140625,25810.619140625,318160000,^DJI,2
2019-08-07,26007.0703125,26073.2109375,25440.390625,25814.220703125,344790000,^DJI,3
2019-08-08,26378.189453125,26383.609375,26038.099609375,26086.51953125,282530000,^DJI,4
2019-08-09,26287.439453125,26413.359375,26097.640625,26337.08984375,240260000,^DJI,5
2019-08-12,25896.439453125,26178.94921875,25824.939453125,26169.91015625,199390000,^DJI,1
2019-08-13,26279.91015625,26426.970703125,25833.25,25888.880859375,308900000,^DJI,2
2019-08-14,25479.419921875,26035.080078125,25471.58984375,26035.080078125,352250000,^DJI,3
2019-08-15,25579.390625,25639.689453125,25339.599609375,25514.25,332600000,^DJI,4
2019-08-16,25886.009765625,25929.650390625,25678.169921875,25678.169921875,276210000,^DJI,5
2019-08-19,26135.7890625,26222.3203125,26020.060546875,26020.060546875,252640000,^DJI,1
2019-08-20,25962.439453125,26160.119140625,25952.0,26086.859375,238100000,^DJI,2
2019-08-21,26202.73046875,26268.3203125,26141.76953125,26145.359375,208790000,^DJI,3
2019-08-22,26252.240234375,26388.779296875,26099.009765625,26271.640625,222810000,^DJI,4
2019-08-23,25628.900390625,26320.2890625,25507.1796875,26134.2109375,364260000,^DJI,5
2019-08-26,25898.830078125,25941.25,25716.390625,25826.05078125,222780000,^DJI,1
2019-08-27,25777.900390625,26054.01953125,25721.849609375,26014.4609375,263530000,^DJI,2
2019-08-28,26036.099609375,26041.5703125,25637.4296875,25712.990234375,207070000,^DJI,3
2019-08-29,26362.25,26408.83984375,26185.7109375,26249.08984375,208650000,^DJI,4
2019-08-30,26403.279296875,26514.619140625,26295.58984375,26476.390625,216160000,^DJI,5
2019-09-03,26118.01953125,26198.259765625,25978.220703125,26198.259765625,223210000,^DJI,2
2019-09-04,26355.470703125,26362.349609375,26244.439453125,26301.990234375,202710000,^DJI,3
2019-09-05,26728.150390625,26836.30078125,26603.150390625,26603.150390625,256670000,^DJI,4
2019-09-06,26797.4609375,26860.869140625,26708.390625,26790.25,209700000,^DJI,5
2019-09-09,26835.509765625,26900.830078125,26762.1796875,26866.23046875,273120000,^DJI,1
2019-09-10,26909.4296875,26909.4296875,26717.05078125,26805.830078125,322340000,^DJI,2
2019-09-11,27137.0390625,27137.0390625,26885.48046875,26928.05078125,272590000,^DJI,3
2019-09-12,27182.44921875,27306.73046875,27105.009765625,27197.3203125,250010000,^DJI,4
2019-09-13,27219.51953125,27277.55078125,27193.94921875,27216.669921875,255260000,^DJI,5
2019-09-16,27076.8203125,27172.869140625,27032.560546875,27146.060546875,220620000,^DJI,1
2019-09-17,27110.80078125,27110.80078125,26984.140625,27010.119140625,223580000,^DJI,2
2019-09-18,27147.080078125,27161.9296875,26899.150390625,27075.390625,212860000,^DJI,3
2019-09-19,27094.7890625,27272.169921875,27064.2109375,27186.05078125,212360000,^DJI,4
2019-09-20,26935.0703125,27194.75,26926.6796875,27102.1796875,497640000,^DJI,5
2019-09-23,26949.990234375,27011.0703125,26831.33984375,26851.44921875,204240000,^DJI,1
2019-09-24,26807.76953125,27079.6796875,26704.9609375,27034.0703125,301750000,^DJI,2
2019-09-25,26970.7109375,27016.560546875,26755.859375,26866.7109375,237220000,^DJI,3
2019-09-26,26891.119140625,27015.0703125,26803.83984375,27004.109375,229180000,^DJI,4
2019-09-27,26820.25,27012.5390625,26715.8203125,26987.259765625,217780000,^DJI,5
2019-09-30,26916.830078125,26998.859375,26852.330078125,26852.330078125,222680000,^DJI,1
2019-10-01,26573.0390625,27046.2109375,26562.220703125,26962.5390625,260110000,^DJI,2
2019-10-02,26078.619140625,26438.0390625,25974.119140625,26425.859375,309640000,^DJI,3
2019-10-03,26201.0390625,26205.19921875,25743.4609375,26039.01953125,241610000,^DJI,4
2019-10-04,26573.720703125,26590.740234375,26271.69921875,26271.69921875,221310000,^DJI,5
2019-10-07,26478.01953125,26655.83984375,26424.5390625,26502.330078125,195200000,^DJI,1
2019-10-08,26164.0390625,26421.810546875,26139.80078125,26276.58984375,244590000,^DJI,2
2019-10-09,26346.009765625,26424.310546875,26249.75,26308.23046875,190060000,^DJI,3
2019-10-10,26496.669921875,26603.310546875,26314.509765625,26317.349609375,217680000,^DJI,4
2019-10-11,26816.58984375,27013.970703125,26694.19921875,26694.19921875,282080000,^DJI,5
2019-10-14,26787.359375,26874.330078125,26749.1796875,26766.4296875,178620000,^DJI,1
2019-10-15,27024.80078125,27120.109375,26811.19921875,26811.19921875,245510000,^DJI,2
2019-10-16,27001.98046875,27058.33984375,26943.2890625,26972.310546875,214660000,^DJI,3
2019-10-17,27025.880859375,27112.16015625,26970.2890625,27032.380859375,222540000,^DJI,4
2019-10-18,26770.19921875,27018.25,26770.130859375,27004.490234375,288970000,^DJI,5
2019-10-21,26827.640625,26852.669921875,26747.619140625,26852.669921875,241030000,^DJI,1
2019-10-22,26788.099609375,26946.640625,26782.609375,26850.4296875,265510000,^DJI,2
2019-10-23,26833.94921875,26896.890625,26745.0,26835.240234375,247680000,^DJI,3
2019-10-24,26805.529296875,26931.779296875,26714.33984375,26893.9296875,253590000,^DJI,4
2019-10-25,26958.060546875,27015.369140625,26765.6796875,26789.609375,274610000,^DJI,5
2019-10-28,27090.720703125,27167.880859375,27028.7109375,27040.330078125,290770000,^DJI,1
2019-10-29,27071.4609375,27165.939453125,27039.759765625,27061.0703125,269610000,^DJI,2
2019-10-30,27186.689453125,27204.359375,26999.640625,27110.7109375,231750000,^DJI,3
2019-10-31,27046.23046875,27188.369140625,26918.2890625,27188.369140625,273830000,^DJI,4
2019-11-01,27347.359375,27347.4296875,27142.94921875,27142.94921875,270870000,^DJI,5
2019-11-04,27462.109375,27517.580078125,27402.060546875,27402.060546875,273030000,^DJI,1
2019-11-05,27492.630859375,27560.359375,27453.55078125,27500.23046875,286350000,^DJI,2
2019-11-06,27492.560546875,27526.05078125,27407.810546875,27502.740234375,237910000,^DJI,3
2019-11-07,27674.80078125,27774.669921875,27590.16015625,27590.16015625,259020000,^DJI,4
2019-11-08,27681.240234375,27694.94921875,27578.970703125,27686.19921875,221440000,^DJI,5
2019-11-11,27691.490234375,27714.390625,27517.669921875,27580.66015625,202350000,^DJI,1
2019-11-12,27691.490234375,27770.859375,27635.3203125,27701.58984375,213670000,^DJI,2
2019-11-13,27783.58984375,27806.400390625,27587.19921875,27622.0390625,278390000,^DJI,3
2019-11-14,27781.9609375,27800.7109375,27676.970703125,27757.19921875,303970000,^DJI,4
2019-11-15,28004.890625,28004.890625,27843.5390625,27843.5390625,283720000,^DJI,5
2019-11-18,28036.220703125,28040.970703125,27969.240234375,27993.220703125,252320000,^DJI,1
2019-11-19,27934.01953125,28090.2109375,27894.51953125,28079.759765625,245890000,^DJI,2
2019-11-20,27821.08984375,27897.279296875,27675.279296875,27879.55078125,258140000,^DJI,3
2019-11-21,27766.2890625,27828.330078125,27708.33984375,27820.279296875,232020000,^DJI,4
2019-11-22,27875.619140625,27898.4609375,27773.98046875,27831.23046875,214780000,^DJI,5
2019-11-25,28066.470703125,28068.689453125,27917.76953125,27917.76953125,248420000,^DJI,1
2019-11-26,28121.6796875,28146.01953125,28042.2109375,28080.75,324050000,^DJI,2
2019-11-27,28164.0,28174.970703125,28075.23046875,28156.470703125,198210000,^DJI,3
2019-11-29,28051.41015625,28119.509765625,28042.529296875,28103.16015625,120630000,^DJI,5
2019-12-02,27783.0390625,28109.83984375,27782.349609375,28109.740234375,236610000,^DJI,1
2019-12-03,27502.810546875,27524.740234375,27325.130859375,27501.98046875,275350000,^DJI,2
2019-12-04,27649.779296875,27727.44921875,27612.080078125,27634.630859375,218200000,^DJI,3
2019-12-05,27677.7890625,27745.19921875,27562.80078125,27736.05078125,208600000,^DJI,4
2019-12-06,28015.060546875,28035.849609375,27839.6796875,27839.6796875,223310000,^DJI,5
2019-12-09,27909.599609375,28010.419921875,27906.140625,27987.05078125,217000000,^DJI,1
2019-12-10,27881.720703125,27949.01953125,27804.0,27900.650390625,213250000,^DJI,2
2019-12-11,27911.30078125,27925.5,27801.80078125,27867.310546875,213510000,^DJI,3
2019-12-12,28132.05078125,28224.94921875,27859.869140625,27898.33984375,277740000,^DJI,4
2019-12-13,28135.380859375,28290.73046875,28028.3203125,28123.640625,250660000,^DJI,5
2019-12-16,28235.890625,28337.490234375,28191.669921875,28191.669921875,286770000,^DJI,1
2019-12-17,28267.16015625,28328.630859375,28220.560546875,28221.75,286770000,^DJI,2
2019-12-18,28239.279296875,28323.25,28239.279296875,28291.439453125,289890000,^DJI,3
2019-12-19,28376.9609375,28381.48046875,28278.240234375,28278.310546875,262570000,^DJI,4
2019-12-20,28455.08984375,28608.640625,28445.599609375,28608.640625,603780000,^DJI,5
2019-12-23,28551.529296875,28582.490234375,28491.779296875,28491.779296875,223530000,^DJI,1
2019-12-24,28515.44921875,28576.80078125,28503.2109375,28572.5703125,86150000,^DJI,2
2019-12-26,28621.390625,28624.099609375,28535.150390625,28539.4609375,155970000,^DJI,4
2019-12-27,28645.259765625,28701.66015625,28608.98046875,28675.33984375,182280000,^DJI,5
2019-12-30,28462.140625,28664.689453125,28428.98046875,28654.759765625,181600000,^DJI,1
2019-12-31,28538.439453125,28547.349609375,28376.490234375,28414.640625,193340000,^DJI,2
2020-01-02,28868.80078125,28872.80078125,28627.76953125,28638.970703125,251820000,^DJI,4
2020-01-03,28634.880859375,28716.310546875,28500.359375,28553.330078125,239590000,^DJI,5
2020-01-06,28703.380859375,28708.01953125,28418.630859375,28465.5,252760000,^DJI,1
2020-01-07,28583.6796875,28685.5,28565.279296875,28639.1796875,258900000,^DJI,2
2020-01-08,28745.08984375,28866.1796875,28522.509765625,28556.140625,291750000,^DJI,3
2020-01-09,28956.900390625,28988.009765625,28844.310546875,28851.970703125,275060000,^DJI,4
2020-01-10,28823.76953125,29009.0703125,28789.099609375,28977.51953125,237830000,^DJI,5
2020-01-13,28907.05078125,28909.91015625,28819.4296875,28869.009765625,249830000,^DJI,1
2020-01-14,28939.669921875,29054.16015625,28872.26953125,28895.5,287440000,^DJI,2
2020-01-15,29030.220703125,29127.58984375,28897.349609375,28901.80078125,260270000,^DJI,3
2020-01-16,29297.640625,29300.3203125,29131.94921875,29131.94921875,252110000,^DJI,4
2020-01-17,29348.099609375,29373.619140625,29289.91015625,29313.310546875,321820000,^DJI,5
2020-01-21,29196.0390625,29341.2109375,29146.470703125,29269.05078125,320640000,^DJI,2
2020-01-22,29186.26953125,29320.19921875,29172.259765625,29263.630859375,283440000,^DJI,3
2020-01-23,29160.08984375,29190.470703125,28966.98046875,29111.01953125,307060000,^DJI,4
2020-01-24,28989.73046875,29288.7890625,28843.310546875,29230.390625,380010000,^DJI,5
2020-01-27,28535.80078125,28671.7890625,28440.470703125,28542.490234375,337270000,^DJI,1
2020-01-28,28722.849609375,28823.23046875,28575.75,28594.279296875,330140000,^DJI,2
2020-01-29,28734.44921875,28944.240234375,28728.189453125,28820.529296875,302290000,^DJI,3
2020-01-30,28859.439453125,28879.7109375,28489.759765625,28640.16015625,326850000,^DJI,4
2020-01-31,28256.029296875,28813.0390625,28169.529296875,28813.0390625,403890000,^DJI,5
2020-02-03,28399.810546875,28630.390625,28319.650390625,28319.650390625,307910000,^DJI,1
2020-02-04,28807.630859375,28904.880859375,28696.740234375,28696.740234375,332750000,^DJI,2
2020-02-05,29290.849609375,29308.890625,29000.849609375,29048.73046875,357540000,^DJI,3
2020-02-06,29379.76953125,29408.05078125,29246.9296875,29388.580078125,263700000,^DJI,4
2020-02-07,29102.509765625,29286.919921875,29056.98046875,29286.919921875,252860000,^DJI,5
2020-02-10,29276.8203125,29278.0703125,28995.66015625,28995.66015625,250510000,^DJI,1
2020-02-11,29276.33984375,29415.390625,29210.470703125,29390.7109375,279540000,^DJI,2
2020-02-12,29551.419921875,29568.5703125,29406.75,29406.75,309530000,^DJI,3
2020-02-13,29423.310546875,29535.400390625,29345.9296875,29436.029296875,291150000,^DJI,4
2020-02-14,29398.080078125,29463.0390625,29283.1796875,29440.470703125,231000000,^DJI,5
2020-02-18,29232.189453125,29330.16015625,29116.810546875,29282.779296875,256600000,^DJI,2
2020-02-19,29348.029296875,29409.08984375,29274.380859375,29312.69921875,240640000,^DJI,3
2020-02-20,29219.98046875,29368.44921875,28959.650390625,29296.25,287780000,^DJI,4
2020-02-21,28992.41015625,29146.529296875,28892.69921875,29146.529296875,311210000,^DJI,5
2020-02-24,27960.80078125,28402.9296875,27912.439453125,28402.9296875,452580000,^DJI,1
2020-02-25,27081.359375,28149.19921875,26997.619140625,28037.650390625,513270000,^DJI,2
2020-02-26,26957.58984375,27542.779296875,26890.970703125,27159.4609375,472450000,^DJI,3
2020-02-27,25766.640625,26775.310546875,25752.8203125,26526.0,664980000,^DJI,4
2020-02-28,25409.359375,25494.240234375,24681.009765625,25270.830078125,915990000,^DJI,5
2020-03-02,26703.3203125,26706.169921875,25391.9609375,25590.509765625,637200000,^DJI,1
2020-03-03,25917.41015625,27084.58984375,25706.279296875,26762.470703125,647080000,^DJI,2
2020-03-04,27090.859375,27102.33984375,26286.310546875,26383.6796875,457590000,^DJI,3
2020-03-05,26121.279296875,26671.919921875,25943.330078125,26671.919921875,477370000,^DJI,4
2020-03-06,25864.779296875,25994.380859375,25226.619140625,25457.2109375,599780000,^DJI,5
2020-03-09,23851.01953125,24992.359375,23706.0703125,24992.359375,750430000,^DJI,1
2020-03-10,25018.16015625,25020.990234375,23690.33984375,24453.0,654860000,^DJI,2
2020-03-11,23553.220703125,24604.630859375,23328.3203125,24604.630859375,663960000,^DJI,3
2020-03-12,21200.619140625,22837.94921875,21154.4609375,22184.7109375,908260000,^DJI,4
2020-03-13,23185.619140625,23189.759765625,21285.369140625,21973.8203125,843080000,^DJI,5
2020-03-16,20188.51953125,21768.279296875,20116.4609375,20917.529296875,770130000,^DJI,1
2020-03-17,21237.380859375,21379.349609375,19882.259765625,20487.05078125,793060000,^DJI,2
2020-03-18,19898.919921875,20489.330078125,18917.4609375,20188.689453125,871360000,^DJI,3
2020-03-19,20087.189453125,20442.630859375,19177.130859375,19830.009765625,780300000,^DJI,4
2020-03-20,19173.98046875,20531.259765625,19094.26953125,20253.150390625,872290000,^DJI,5
2020-03-23,18591.9296875,19121.009765625,18213.650390625,19028.359375,787970000,^DJI,1
2020-03-24,20704.91015625,20737.69921875,19649.25,19722.189453125,799340000,^DJI,2
2020-03-25,21200.55078125,22019.9296875,20538.33984375,21050.33984375,796320000,^DJI,3
2020-03-26,22552.169921875,22595.060546875,21427.099609375,21468.380859375,705180000,^DJI,4
2020-03-27,21636.779296875,22327.5703125,21469.26953125,21898.470703125,588830000,^DJI,5
2020-03-30,22327.48046875,22378.08984375,21522.080078125,21678.220703125,545540000,^DJI,1
2020-03-31,21917.16015625,22480.369140625,21852.080078125,22208.419921875,571210000,^DJI,2
2020-04-01,20943.509765625,21487.240234375,20784.4296875,21227.380859375,506680000,^DJI,3
2020-04-02,21413.439453125,21477.76953125,20735.01953125,20819.4609375,529540000,^DJI,4
